RegionID,SizeRank,RegionName,RegionType,StateName,observed_rent,rent_12m_ago,latest_date,prior_year_date,yoy_growth_pct,rent_rank,market_pressure_score,review_note
394556,566,"Edwards, CO",msa,CO,3630.904761904762,3351.975519523141,2026-04-30,2025-04-30,8.321338886785844,1,0.6725,review elevated rent growth
394299,251,"Abilene, TX",msa,TX,1737.6441372247823,1227.1375871669718,2026-04-30,2025-04-30,41.60141090913776,143,0.6244,review elevated rent growth
395059,36,"San Jose, CA",msa,CA,3534.1595285206527,3363.853078569793,2026-04-30,2025-04-30,5.06283853583964,3,0.6228,review elevated rent growth
394731,267,"Kahului, HI",msa,HI,3607.1976450798993,3487.2842733312204,2026-04-30,2025-04-30,3.438588952030913,2,0.6214,within review band
395065,183,"Santa Cruz, CA",msa,CA,3504.2813053499035,3425.0219181236616,2026-04-30,2025-04-30,2.3141278835862966,4,0.5909,within review band
394913,1,"New York, NY",msa,NY,3406.042087660844,3267.4652237940145,2026-04-30,2025-04-30,4.241112127458887,6,0.5903,review elevated rent growth
753871,811,"Breckenridge, CO",msa,CO,3247.698412698413,3074.120586325589,2026-04-30,2025-04-30,5.64642217175666,9,0.5731,review elevated rent growth
753917,124,"Santa Maria, CA",msa,CA,3369.0105549938467,3264.8728875034567,2026-04-30,2025-04-30,3.189639262495781,8,0.5731,within review band
395057,12,"San Francisco, CA",msa,CA,3205.9913070056487,3011.6480549060257,2026-04-30,2025-04-30,6.453053230540486,10,0.5728,review elevated rent growth
394713,768,"Jackson, WY",msa,WY,3481.888888888889,3458.120743911482,2026-04-30,2025-04-30,0.6873139123107392,5,0.571,within review band
753921,867,"Steamboat Springs, CO",msa,CO,3087.9166666666665,2854.637867301245,2026-04-30,2025-04-30,8.171922681946404,12,0.5664,review elevated rent growth
394744,442,"Key West, FL",msa,FL,3383.466787439613,3330.525500672699,2026-04-30,2025-04-30,1.589577583363985,7,0.5607,within review band
753881,456,"Glenwood Springs, CO",msa,CO,3064.7060185185182,2886.5663576127927,2026-04-30,2025-04-30,6.1713343410905726,13,0.5428,review elevated rent growth
394404,10,"Boston, MA",msa,MA,3183.8775096569293,3114.9790333816727,2026-04-30,2025-04-30,2.211843981513393,11,0.5281,within review band
753924,55,"Urban Honolulu, HI",msa,HI,2917.756472207579,2755.8707832188347,2026-04-30,2025-04-30,5.874211881576795,16,0.5117,review elevated rent growth
394616,657,"Freeport, IL",msa,IL,1017.4126984126984,712.9432931975775,2026-04-30,2025-04-30,42.7059778975638,541,0.4961,review elevated rent growth
395061,175,"San Luis Obispo, CA",msa,CA,2929.99752426223,2852.078305378316,2026-04-30,2025-04-30,2.7320154126546026,15,0.4841,within review band
394952,71,"Oxnard, CA",msa,CA,2985.8576289740427,2948.5822156351505,2026-04-30,2025-04-30,1.2641809050205737,14,0.4809,within review band
395050,125,"Salinas, CA",msa,CA,2853.144503039466,2751.104075610516,2026-04-30,2025-04-30,3.709071871674134,19,0.4786,within review band
395056,17,"San Diego, CA",msa,CA,2913.911495889711,2871.726181987732,2026-04-30,2025-04-30,1.4689880311910342,17,0.469,within review band
753899,2,"Los Angeles, CA",msa,CA,2891.567893320407,2857.3376094894265,2026-04-30,2025-04-30,1.1979782759061917,18,0.4621,within review band
394415,60,"Bridgeport, CT",msa,CT,2801.81848707628,2745.75842807502,2026-04-30,2025-04-30,2.041696692179955,21,0.4528,within review band
394361,202,"Barnstable Town, MA",msa,MA,2786.883333333333,2747.3929977849166,2026-04-30,2025-04-30,1.4373748342612678,22,0.4442,within review band
394628,610,"Gardnerville Ranchos, NV",msa,NV,2511.5079365079364,2350.078409525833,2026-04-30,2025-04-30,6.869112380581132,28,0.4428,review elevated rent growth
394900,312,"Napa, CA",msa,CA,2820.9166141352184,2816.794410974067,2026-04-30,2025-04-30,0.1463437709579223,20,0.4384,within review band
395166,389,"Truckee, CA",msa,CA,2575.24171539961,2475.5885825727687,2026-04-30,2025-04-30,4.025431912570709,27,0.428,review elevated rent growth
394856,8,"Miami, FL",msa,FL,2682.930680825922,2658.0786866155936,2026-04-30,2025-04-30,0.9349608172048268,24,0.4193,within review band
395068,112,"Santa Rosa, CA",msa,CA,2615.1516723545587,2572.20939241679,2026-04-30,2025-04-30,1.669470614031984,25,0.4133,within review band
394901,147,"Naples, FL",msa,FL,2723.4541162924584,2739.7029905372096,2026-04-30,2025-04-30,-0.5930888968940807,23,0.4126,within review band
394928,410,"Ocean City, NJ",msa,NJ,2386.6666666666665,2262.7766504855963,2026-04-30,2025-04-30,5.47513234036966,30,0.4055,review elevated rent growth
395164,142,"Trenton, NJ",msa,NJ,2581.212426240889,2565.838248641033,2026-04-30,2025-04-30,0.5991873263249845,26,0.3965,within review band
395025,13,"Riverside, CA",msa,CA,2510.367274038152,2460.5387861621266,2026-04-30,2025-04-30,2.0251047517014142,29,0.3965,within review band
394463,3,"Chicago, IL",msa,IL,2219.366926703536,2105.661026610695,2026-04-30,2025-04-30,5.400009719316691,40,0.3725,review elevated rent growth
394997,105,"Portland, ME",msa,ME,2303.349858031154,2225.837863736878,2026-04-30,2025-04-30,3.4823737863881967,36,0.3704,within review band
394748,241,"Kingston, NY",msa,NY,2178.184762605815,2054.761002414408,2026-04-30,2025-04-30,6.006720978565422,44,0.3703,review elevated rent growth
394890,327,"Mount Vernon, WA",msa,WA,2134.713900134953,2013.490324768052,2026-04-30,2025-04-30,6.020569052442078,52,0.3621,review elevated rent growth
394814,275,"Madera, CA",msa,CA,2303.415103415103,2245.38291114386,2026-04-30,2025-04-30,2.584512066215026,35,0.3619,within review band
395134,77,"Stockton, CA",msa,CA,2386.420798677706,2366.485174661063,2026-04-30,2025-04-30,0.8424149126350765,31,0.3613,within review band
394995,115,"Port St. Lucie, FL",msa,FL,2315.941211534648,2265.510362126608,2026-04-30,2025-04-30,2.226025987393907,34,0.3609,within review band
395183,123,"Vallejo, CA",msa,CA,2385.0156737382545,2376.3765447221053,2026-04-30,2025-04-30,0.3635420924910446,32,0.3565,within review band
395005,39,"Providence, RI",msa,RI,2154.424405382855,2058.146517241308,2026-04-30,2025-04-30,4.67789281934095,49,0.3531,review elevated rent growth
753905,604,"Newport, OR",msa,OR,2000.1825396825395,1855.6097753310992,2026-04-30,2025-04-30,7.791118923462452,75,0.353,review elevated rent growth
395209,6,"Washington, DC",msa,VA,2374.541743372212,2376.715548265023,2026-04-30,2025-04-30,-0.091462560355521,33,0.3501,within review band
394348,180,"Atlantic City, NJ",msa,NJ,2141.762698613928,2047.460457618905,2026-04-30,2025-04-30,4.605815005809292,50,0.35,review elevated rent growth
394693,528,"Hudson, NY",msa,NY,2124.6031746031745,2028.315407994728,2026-04-30,2025-04-30,4.7471791728703945,55,0.348,review elevated rent growth
395086,402,"Sevierville, TN",msa,TN,1780.5776556776557,1595.1912108579936,2026-04-30,2025-04-30,11.621581385215231,130,0.3471,review elevated rent growth
395045,26,"Sacramento, CA",msa,CA,2257.516238589152,2214.815774829692,2026-04-30,2025-04-30,1.927946524705581,38,0.3468,within review band
394951,564,"Oxford, MS",msa,MS,2164.065656565657,2085.7824014203256,2026-04-30,2025-04-30,3.7531841812465054,48,0.3461,within review band
394380,232,"Bend, OR",msa,OR,2164.6130252100843,2088.9205884529315,2026-04-30,2025-04-30,3.623519112002775,47,0.345,within review band
845159,86,"Poughkeepsie, NY",msa,NY,2187.9335146822905,2125.817634078292,2026-04-30,2025-04-30,2.921975978006718,43,0.3428,within review band
395019,113,"Reno, NV",msa,NV,1936.590803902931,1795.480108805689,2026-04-30,2025-04-30,7.859217955419477,88,0.3414,review elevated rent growth
394405,156,"Boulder, CO",msa,CO,2252.748973976448,2221.168786317444,2026-04-30,2025-04-30,1.4217824351548674,39,0.341,within review band
394925,428,"Oak Harbor, WA",msa,WA,2026.774014656368,1912.289858496995,2026-04-30,2025-04-30,5.986757480864005,68,0.3409,review elevated rent growth
394876,628,"Montrose, CO",msa,CO,1906.428571428572,1759.0822405273927,2026-04-30,2025-04-30,8.376318486223996,98,0.3405,review elevated rent growth
394967,583,"Payson, AZ",msa,AZ,1932.5,1794.601617574217,2026-04-30,2025-04-30,7.684066540193013,89,0.3389,review elevated rent growth
395238,58,"Worcester, MA",msa,MA,2177.7874762806227,2131.6204110200297,2026-04-30,2025-04-30,2.165820191152188,45,0.3337,within review band
395078,15,"Seattle, WA",msa,WA,2207.724603059154,2176.100546315968,2026-04-30,2025-04-30,1.45324428123158,41,0.3327,within review band
395079,274,"Sebastian, FL",msa,FL,2176.362028742068,2136.794702607819,2026-04-30,2025-04-30,1.851713975421208,46,0.3304,within review band
394559,245,"El Centro, CA",msa,CA,2006.7428571428568,1907.943517313732,2026-04-30,2025-04-30,5.178315758960637,72,0.3294,review elevated rent growth
395175,416,"Ukiah, CA",msa,CA,2012.777777777778,1924.5189632029544,2026-04-30,2025-04-30,4.586019481353175,70,0.3249,review elevated rent growth
394820,131,"Manchester, NH",msa,NH,2119.409593682828,2069.9484093953643,2026-04-30,2025-04-30,2.3894887458529204,56,0.3245,within review band
395234,603,"Winona, MN",msa,MN,1243.1984126984128,1035.7167754000166,2026-04-30,2025-04-30,20.03266165291783,426,0.3236,review elevated rent growth
395163,287,"Traverse City, MI",msa,MI,1930.3148148148148,1819.653661166862,2026-04-30,2025-04-30,6.081440441638255,92,0.3232,review elevated rent growth
394897,496,"Muskogee, OK",msa,OK,1268.5416666666667,1062.5892394622658,2026-04-30,2025-04-30,19.382129947845627,406,0.3223,review elevated rent growth
394994,463,"Port Angeles, WA",msa,WA,2135.486111111111,2098.579596702108,2026-04-30,2025-04-30,1.7586425822018317,51,0.3216,within review band
394908,68,"New Haven, CT",msa,CT,2128.8739498200653,2089.542487001569,2026-04-30,2025-04-30,1.882300219457882,54,0.3215,within review band
394681,216,"Hilton Head Island, SC",msa,SC,2066.145574387948,2008.8108464837533,2026-04-30,2025-04-30,2.854162600951401,59,0.3187,within review band
394407,356,"Bozeman, MT",msa,MT,2205.3174871336723,2204.796943169668,2026-04-30,2025-04-30,0.023609610200933,42,0.3186,within review band
845164,211,"Lebanon, NH",msa,NH,1959.1273054430949,1869.83902108158,2026-04-30,2025-04-30,4.775185636561794,83,0.3164,review elevated rent growth
394553,263,"East Stroudsburg, PA",msa,PA,1896.685586515308,1795.2733287085753,2026-04-30,2025-04-30,5.648847792981099,103,0.3126,review elevated rent growth
395051,134,"Salisbury, MD",msa,DE,1931.0587453482187,1841.6819244354365,2026-04-30,2025-04-30,4.852999843617432,91,0.3117,review elevated rent growth
394459,212,"Charlottesville, VA",msa,VA,2038.9292665485184,1989.526902437384,2026-04-30,2025-04-30,2.4831211908022546,63,0.3099,within review band
394937,172,"Olympia, WA",msa,WA,2009.0817765567765,1949.221949562405,2026-04-30,2025-04-30,3.070960031401758,71,0.3098,within review band
394595,302,"Flagstaff, AZ",msa,AZ,2083.094626865672,2051.625358267108,2026-04-30,2025-04-30,1.533870132368832,57,0.3094,within review band
394602,152,"Fort Collins, CO",msa,CO,2002.146299399525,1940.6684095246992,2026-04-30,2025-04-30,3.1678719338706003,73,0.3093,within review band
395115,85,"Springfield, MA",msa,MA,1939.808201058201,1859.26843127029,2026-04-30,2025-04-30,4.3317989179692855,86,0.3084,review elevated rent growth
394738,466,"Keene, NH",msa,NH,1797.0555555555557,1677.5538384296626,2026-04-30,2025-04-30,7.123569711345724,122,0.3075,review elevated rent growth
394629,520,"Georgetown, SC",msa,SC,1796.8222222222223,1678.1528764486727,2026-04-30,2025-04-30,7.071426414063008,123,0.3069,review elevated rent growth
394412,181,"Bremerton, WA",msa,WA,2028.8455164249776,1981.9659485458703,2026-04-30,2025-04-30,2.365306422822346,66,0.3068,within review band
753916,632,"Sandpoint, ID",msa,ID,2014.6666666666667,1964.0554870705807,2026-04-30,2025-04-30,2.5768711693361013,69,0.3061,within review band
394378,205,"Bellingham, WA",msa,WA,2051.5188935723595,2015.157717130076,2026-04-30,2025-04-30,1.8043836536064264,60,0.3059,within review band
394457,75,"Charleston, SC",msa,SC,2001.591054665083,1947.5518281650493,2026-04-30,2025-04-30,2.774725977431294,74,0.3055,within review band
395155,646,"Thomasville, GA",msa,GA,1931.9444444444443,1854.6083646085783,2026-04-30,2025-04-30,4.169941283112248,90,0.3054,review elevated rent growth
395194,38,"Virginia Beach, VA",msa,VA,1842.912592790672,1739.3655898293557,2026-04-30,2025-04-30,5.953147720455656,111,0.3052,review elevated rent growth
394429,206,"Burlington, VT",msa,VT,2071.2128427128428,2044.6389879691856,2026-04-30,2025-04-30,1.299684438182966,58,0.3049,within review band
394619,57,"Fresno, CA",msa,CA,1998.449444916856,1945.4284420307392,2026-04-30,2025-04-30,2.7254152216861134,76,0.3044,within review band
394493,285,"Concord, NH",msa,NH,1964.7135327635328,1903.132131422438,2026-04-30,2025-04-30,3.235792214546219,80,0.3028,within review band
394877,491,"Morehead City, NC",msa,NC,1888.753246753247,1803.6036806304965,2026-04-30,2025-04-30,4.721079638348499,105,0.3023,review elevated rent growth
394505,411,"Corvallis, OR",msa,OR,1922.7400673400675,1848.684732060384,2026-04-30,2025-04-30,4.005839070091082,95,0.302,review elevated rent growth
394332,148,"Ann Arbor, MI",msa,MI,2039.1854043392505,2006.855217764754,2026-04-30,2025-04-30,1.6109874936820854,62,0.3017,within review band
753893,477,"Jefferson, GA",msa,GA,2033.1167312219943,1998.5437502482475,2026-04-30,2025-04-30,1.7299086381998057,65,0.3016,within review band
394924,185,"Norwich, CT",msa,CT,1937.8491723817872,1875.5286567868604,2026-04-30,2025-04-30,3.3228239605623364,87,0.2984,within review band
394662,290,"Hanford, CA",msa,CA,1971.5820962663067,1920.991797597319,2026-04-30,2025-04-30,2.633550998617672,79,0.2984,within review band
394871,103,"Modesto, CA",msa,CA,2028.009918164028,2003.006718185832,2026-04-30,2025-04-30,1.2482833807388471,67,0.296,within review band
394669,49,"Hartford, CT",msa,CT,1940.1308709514287,1884.5686005497207,2026-04-30,2025-04-30,2.9482752915177084,85,0.2953,within review band
394733,384,"Kalispell, MT",msa,MT,2043.988095238096,2027.3184112150536,2026-04-30,2025-04-30,0.8222528800027616,61,0.2951,within review band
394974,7,"Philadelphia, PA",msa,PA,1900.5700173042496,1836.18647132418,2026-04-30,2025-04-30,3.506372962961594,101,0.293,within review band
395232,308,"Winchester, VA",msa,VA,1913.5113875598083,1854.1186087520623,2026-04-30,2025-04-30,3.203289073708239,97,0.2926,within review band
394554,729,"Easton, MD",msa,MD,2288.0,2396.793602195718,2026-04-30,2025-04-30,-4.539131033062317,37,0.2911,within review band
394668,317,"Harrisonburg, VA",msa,VA,1775.7718685300206,1680.3165554367424,2026-04-30,2025-04-30,5.680793466232779,131,0.2896,review elevated rent growth
753875,176,"Crestview, FL",msa,FL,1959.875856575199,1927.882340764145,2026-04-30,2025-04-30,1.6595159950670395,82,0.2868,within review band
394496,514,"Coos Bay, OR",msa,OR,1692.5,1580.9146467274693,2026-04-30,2025-04-30,7.058278162171186,166,0.2867,review elevated rent growth
395246,247,"Yuba City, CA",msa,CA,1953.0296296296297,1919.305875079504,2026-04-30,2025-04-30,1.757080775294806,84,0.2864,within review band
394399,79,"Boise City, ID",msa,ID,1813.193157496504,1736.1737315221153,2026-04-30,2025-04-30,4.436158926725913,119,0.285,review elevated rent growth
394851,177,"Merced, CA",msa,CA,1924.088725490196,1884.735107685812,2026-04-30,2025-04-30,2.088018504239826,94,0.284,within review band
102001,0,United States,country,,1929.6422102592069,1893.2510555706256,2026-04-30,2025-04-30,1.922151559430296,93,0.2835,within review band
394351,253,"Auburn, AL",msa,AL,1734.121113091701,1638.1800939297125,2026-04-30,2025-04-30,5.856561163055192,145,0.2833,review elevated rent growth
394709,376,"Ithaca, NY",msa,NY,1901.8019536019533,1857.305296949552,2026-04-30,2025-04-30,2.395764268022228,100,0.2826,within review band
394907,427,"New Castle, PA",msa,PA,1119.7407407407406,948.4682215875644,2026-04-30,2025-04-30,18.057802597381396,499,0.281,review elevated rent growth
394444,551,"Carson City, NV",msa,NV,1822.2505494505488,1755.3070611660007,2026-04-30,2025-04-30,3.8137765047261776,116,0.2808,within review band
394547,567,"Durango, CO",msa,CO,2034.4286713286715,2044.4873074456668,2026-04-30,2025-04-30,-0.491988190895758,64,0.2807,within review band
394639,280,"Grand Junction, CO",msa,CO,1763.496214006667,1681.50751908157,2026-04-30,2025-04-30,4.875904151167801,134,0.2796,review elevated rent growth
394682,449,"Hinesville, GA",msa,GA,1719.678994197292,1626.230509075608,2026-04-30,2025-04-30,5.746324681536228,156,0.2794,review elevated rent growth
395119,249,"St. George, UT",msa,UT,1903.594871794872,1866.145820328192,2026-04-30,2025-04-30,2.0067591213260285,99,0.2793,within review band
394872,222,"Monroe, LA",msa,LA,1208.5317460317465,1041.6292120620544,2026-04-30,2025-04-30,16.023219398703745,448,0.2788,review elevated rent growth
394504,629,"Cortland, NY",msa,NY,1347.6666666666667,1190.5805864569434,2026-04-30,2025-04-30,13.194073714673683,351,0.2786,review elevated rent growth
395066,284,"Santa Fe, NM",msa,NM,1984.667040769583,1979.618858710403,2026-04-30,2025-04-30,0.2550077777329676,78,0.2782,within review band
394358,20,"Baltimore, MD",msa,MD,1893.9866867051976,1856.609920514708,2026-04-30,2025-04-30,2.013172814466471,104,0.2775,within review band
394318,70,"Allentown, PA",msa,PA,1825.378337147216,1765.7130768623683,2026-04-30,2025-04-30,3.379102814986872,114,0.2773,within review band
394580,407,"Fairbanks, AK",msa,AK,1752.315082578241,1671.2593136411965,2026-04-30,2025-04-30,4.849981584272941,138,0.2772,review elevated rent growth
395095,372,"Show Low, AZ",msa,AZ,1852.5,1801.7599457317567,2026-04-30,2025-04-30,2.816138431118,109,0.2771,within review band
753906,73,"North Port, FL",msa,FL,2131.121804115588,2197.7323803628024,2026-04-30,2025-04-30,-3.03087750093659,53,0.2752,within review band
394737,555,"Kearney, NE",msa,NE,1429.2460317460318,1285.8178226010773,2026-04-30,2025-04-30,11.154629110274268,292,0.2749,review elevated rent growth
394943,22,"Orlando, FL",msa,FL,1962.7197347818849,1957.6837426929203,2026-04-30,2025-04-30,0.2572423716425843,81,0.274,within review band
394957,97,"Palm Bay, FL",msa,FL,1899.903172515406,1872.1584203897623,2026-04-30,2025-04-30,1.481966046434651,102,0.2736,within review band
395125,273,"State College, PA",msa,PA,1705.624374176548,1622.261537910887,2026-04-30,2025-04-30,5.138680435770779,160,0.2709,review elevated rent growth
395063,522,"Sanford, NC",msa,NC,1670.4936507936509,1578.6711413465512,2026-04-30,2025-04-30,5.81644314906386,179,0.2706,review elevated rent growth
394443,530,"Carlsbad, NM",msa,NM,1673.1666666666667,1582.3099975112991,2026-04-30,2025-04-30,5.742027118470433,177,0.2704,review elevated rent growth
394576,146,"Eugene, OR",msa,OR,1786.3947436708347,1730.3722026448902,2026-04-30,2025-04-30,3.237600612186993,127,0.2684,within review band
394592,550,"Fernley, NV",msa,NV,1764.388888888889,1703.8025801991637,2026-04-30,2025-04-30,3.55594652771585,133,0.2672,within review band
395148,18,"Tampa, FL",msa,FL,1997.1968648767088,2022.572713728404,2026-04-30,2025-04-30,-1.2546322156654408,77,0.2663,within review band
394848,210,"Medford, OR",msa,OR,1816.499821937322,1775.944811747141,2026-04-30,2025-04-30,2.283573786861292,118,0.2651,within review band
395218,345,"Wenatchee, WA",msa,WA,1820.388333333333,1783.637456997271,2026-04-30,2025-04-30,2.0604454224644724,117,0.2638,within review band
394983,326,"Pittsfield, MA",msa,MA,1642.510101010101,1555.360616736011,2026-04-30,2025-04-30,5.603169023076895,185,0.2632,review elevated rent growth
395006,92,"Provo, UT",msa,UT,1809.7509588120083,1770.689165693385,2026-04-30,2025-04-30,2.206022032293127,120,0.2631,within review band
394633,331,"Glens Falls, NY",msa,NY,1433.3333333333333,1305.2099937829737,2026-04-30,2025-04-30,9.816300837462292,288,0.263,review elevated rent growth
394357,63,"Bakersfield, CA",msa,CA,1786.4690188008824,1741.413954150767,2026-04-30,2025-04-30,2.587269071935701,126,0.2622,within review band
394341,691,"Astoria, OR",msa,OR,1715.998015873016,1649.8501860178148,2026-04-30,2025-04-30,4.009323417107328,157,0.2622,review elevated rent growth
394327,139,"Anchorage, AK",msa,AK,1733.5517891684206,1673.018241984108,2026-04-30,2025-04-30,3.6182239777925576,148,0.2618,within review band
395009,237,"Punta Gorda, FL",msa,FL,1919.646672709352,1923.0236595082029,2026-04-30,2025-04-30,-0.175608177369741,96,0.2616,within review band
394480,262,"Coeur d'Alene, ID",msa,ID,1761.945123960135,1711.7671180501038,2026-04-30,2025-04-30,2.931357039220949,136,0.2608,within review band
394759,519,"Laconia, NH",msa,NH,1762.8174603174602,1712.9783244282678,2026-04-30,2025-04-30,2.90950184123474,135,0.2607,within review band
753890,347,"Holland, MI",msa,MI,1840.3333333333333,1816.124350315026,2026-04-30,2025-04-30,1.3330025014040423,112,0.2607,within review band
395187,760,"Vernal, UT",msa,UT,1539.4444444444443,1434.3924789952482,2026-04-30,2025-04-30,7.323795055226593,224,0.2597,review elevated rent growth
395022,45,"Richmond, VA",msa,VA,1736.2006371061875,1680.8734422761063,2026-04-30,2025-04-30,3.291574097045729,144,0.2592,within review band
395092,510,"Shelton, WA",msa,WA,1700.809523809524,1636.634718186068,2026-04-30,2025-04-30,3.9211440958910417,161,0.2584,within review band
394362,540,"Barre, VT",msa,VT,1591.1111111111113,1499.4950329305414,2026-04-30,2025-04-30,6.109795375681897,210,0.2581,review elevated rent growth
394566,573,"Elko, NV",msa,NV,1660.95,1586.7973007316746,2026-04-30,2025-04-30,4.673104701787277,180,0.2579,review elevated rent growth
394971,111,"Pensacola, FL",msa,FL,1760.840514297796,1715.6122612802674,2026-04-30,2025-04-30,2.6362747596462923,137,0.2578,within review band
394346,217,"Athens, GA",msa,GA,1732.7809913898018,1680.2748477546313,2026-04-30,2025-04-30,3.1248544668352904,151,0.257,within review band
394347,9,"Atlanta, GA",msa,GA,1824.8656802585256,1803.656845901532,2026-04-30,2025-04-30,1.175879680505027,115,0.2562,within review band
394939,542,"Oneonta, NY",msa,NY,1433.188888888889,1313.6689015466975,2026-04-30,2025-04-30,9.098181984933207,289,0.2561,review elevated rent growth
394586,498,"Faribault, MN",msa,MN,1621.553571428571,1540.33238732447,2026-04-30,2025-04-30,5.2729647686744405,195,0.256,review elevated rent growth
395222,375,"Whitewater, WI",msa,WI,1412.0,1290.310783280395,2026-04-30,2025-04-30,9.431000523008176,304,0.2552,review elevated rent growth
394865,16,"Minneapolis, MN",msa,MN,1698.393860296128,1639.7434674111294,2026-04-30,2025-04-30,3.57680296037998,162,0.2547,within review band
395162,236,"Torrington, CT",msa,CT,1792.3416666666665,1763.9946880444113,2026-04-30,2025-04-30,1.6069764163338278,124,0.254,within review band
845160,198,"Prescott Valley, AZ",msa,AZ,1856.668888888889,1851.714542580028,2026-04-30,2025-04-30,0.2675545390467148,108,0.2537,within review band
395143,91,"Syracuse, NY",msa,NY,1627.5643789034,1551.84238657074,2026-04-30,2025-04-30,4.879489888144527,192,0.2534,review elevated rent growth
753872,361,"California, MD",msa,MD,1807.0445344129555,1785.0862122729957,2026-04-30,2025-04-30,1.2300986915360086,121,0.2533,within review band
394766,82,"Lakeland, FL",msa,FL,1838.899687693343,1829.0469885268903,2026-04-30,2025-04-30,0.538679390319431,113,0.2528,within review band
394742,589,"Kerrville, TX",msa,TX,1695.936507936508,1639.8524287599298,2026-04-30,2025-04-30,3.420068671605371,164,0.2527,within review band
395153,329,"The Villages, FL",msa,FL,1748.7775528565005,1708.9719466640784,2026-04-30,2025-04-30,2.3292135526345468,140,0.2525,within review band
394539,244,"Dover, DE",msa,DE,1727.863982619696,1681.681891745973,2026-04-30,2025-04-30,2.7461847035633644,153,0.2524,within review band
394392,265,"Blacksburg, VA",msa,VA,1727.930120967742,1682.865466584411,2026-04-30,2025-04-30,2.677852465223814,152,0.2518,within review band
395193,278,"Vineland, NJ",msa,NJ,1594.7222222222224,1513.4624595039022,2026-04-30,2025-04-30,5.36912972026781,209,0.2518,review elevated rent growth
394308,64,"Albany, NY",msa,NY,1671.9434560100506,1611.1293144978792,2026-04-30,2025-04-30,3.774628204262084,178,0.2515,within review band
394298,473,"Aberdeen, WA",msa,WA,1462.1645021645024,1353.8113404700791,2026-04-30,2025-04-30,8.003564341306243,267,0.2513,review elevated rent growth
395195,119,"Visalia, CA",msa,CA,1732.8506054618229,1690.5219406992787,2026-04-30,2025-04-30,2.50388141931095,150,0.2511,within review band
395124,529,"Starkville, MS",msa,MS,1634.1304347826087,1566.5350435743878,2026-04-30,2025-04-30,4.314961959228658,187,0.2493,review elevated rent growth
394519,203,"Daphne, AL",msa,AL,1677.8612513078049,1623.3487037685825,2026-04-30,2025-04-30,3.358030681434755,173,0.2486,within review band
394794,387,"Lima, OH",msa,OH,1183.65873015873,1044.6953869154956,2026-04-30,2025-04-30,13.301805003038158,459,0.248,review elevated rent growth
394816,88,"Madison, WI",msa,WI,1696.2220410123537,1649.5781756037306,2026-04-30,2025-04-30,2.8276238191349603,163,0.2471,within review band
395018,240,"Redding, CA",msa,CA,1610.1407345107934,1541.3570185321632,2026-04-30,2025-04-30,4.46254275626117,200,0.2461,review elevated rent growth
394675,441,"Helena, MT",msa,MT,1675.580808080808,1624.7613167655293,2026-04-30,2025-04-30,3.127812731069139,175,0.246,within review band
845162,535,"Granbury, TX",msa,TX,1678.5043094160744,1629.1347282395186,2026-04-30,2025-04-30,3.030417332635573,172,0.2456,within review band
394421,130,"Brownsville, TX",msa,TX,1462.7928036016274,1362.205258480153,2026-04-30,2025-04-30,7.384169492467131,266,0.2455,review elevated rent growth
394998,25,"Portland, OR",msa,OR,1788.9096780417156,1775.052535496911,2026-04-30,2025-04-30,0.7806609814466846,125,0.2455,within review band
753912,398,"Pinehurst, NC",msa,NC,1849.154360259624,1858.15256485714,2026-04-30,2025-04-30,-0.4842554248610896,110,0.2451,within review band
394741,168,"Kennewick, WA",msa,WA,1693.935710629722,1652.802861844457,2026-04-30,2025-04-30,2.488672408236423,165,0.2434,within review band
394640,53,"Grand Rapids, MI",msa,MI,1628.5567707730042,1569.0580610924478,2026-04-30,2025-04-30,3.792001784760647,190,0.2433,within review band
394530,19,"Denver, CO",msa,CO,1887.044111000533,1916.071185934026,2026-04-30,2025-04-30,-1.514926749412138,106,0.2425,within review band
394660,170,"Hagerstown, MD",msa,MD,1607.1361845551228,1543.1320193993024,2026-04-30,2025-04-30,4.147679158438782,204,0.2425,review elevated rent growth
394387,195,"Binghamton, NY",msa,NY,1291.3116883116882,1169.406938910107,2026-04-30,2025-04-30,10.42449342016021,393,0.2414,review elevated rent growth
395016,506,"Red Bluff, CA",msa,CA,1573.625,1503.211517863551,2026-04-30,2025-04-30,4.684203207578168,214,0.2412,review elevated rent growth
394528,90,"Deltona, FL",msa,FL,1781.5572942651752,1773.7882592337053,2026-04-30,2025-04-30,0.4379911182198384,129,0.2408,within review band
394624,687,"Gainesville, TX",msa,TX,1657.8333333333333,1610.4804508072675,2026-04-30,2025-04-30,2.9402953946028774,182,0.2408,within review band
394892,832,"Mountain Home, ID",msa,ID,1478.611111111111,1389.3001032086768,2026-04-30,2025-04-30,6.428489258452143,260,0.2395,review elevated rent growth
395030,207,"Rochester, MN",msa,MN,1687.8800774864042,1652.4823100356775,2026-04-30,2025-04-30,2.14209660434806,169,0.239,within review band
395133,444,"Stillwater, OK",msa,OK,1437.4844093104964,1341.7731371654957,2026-04-30,2025-04-30,7.133193346469242,284,0.2382,review elevated rent growth
394484,80,"Colorado Springs, CO",msa,CO,1752.1112883718586,1739.0442581025345,2026-04-30,2025-04-30,0.7513914731291222,139,0.2381,within review band
394359,288,"Bangor, ME",msa,ME,1533.715538847118,1459.4670415735557,2026-04-30,2025-04-30,5.087370605745903,230,0.2373,review elevated rent growth
394622,155,"Gainesville, FL",msa,FL,1657.733262299098,1617.827033674207,2026-04-30,2025-04-30,2.466656063612737,183,0.2363,within review band
394898,117,"Myrtle Beach, SC",msa,SC,1720.9706300617618,1702.1038385892784,2026-04-30,2025-04-30,1.108439511429592,155,0.2355,within review band
394902,37,"Nashville, TN",msa,TN,1784.415092772965,1787.6507887026564,2026-04-30,2025-04-30,-0.1810026852078699,128,0.2355,within review band
395229,174,"Wilmington, NC",msa,NC,1679.4861747629363,1648.8346689281052,2026-04-30,2025-04-30,1.8589799458036291,171,0.2347,within review band
394753,65,"Knoxville, TN",msa,TN,1740.7060996371683,1730.3155966666286,2026-04-30,2025-04-30,0.600497561864237,141,0.2345,within review band
394464,215,"Chico, CA",msa,CA,1621.9080964080963,1575.0549940045455,2026-04-30,2025-04-30,2.974696285647,194,0.2342,within review band
394472,492,"Clearlake, CA",msa,CA,1608.162962962963,1557.9284882089626,2026-04-30,2025-04-30,3.2244403471786733,203,0.2339,within review band
394623,226,"Gainesville, GA",msa,GA,1734.0884636607875,1723.18651107939,2026-04-30,2025-04-30,0.6326623677299281,146,0.2335,within review band
394338,121,"Asheville, NC",msa,NC,1725.6590473702545,1712.760001858462,2026-04-30,2025-04-30,0.7531145926922754,154,0.233,within review band
394309,526,"Albemarle, NC",msa,NC,1589.3222222222223,1535.4278395810593,2026-04-30,2025-04-30,3.5100563668213853,211,0.233,within review band
753923,849,"The Dalles, OR",msa,OR,1682.5,1655.7833788472692,2026-04-30,2025-04-30,1.6135335995056608,170,0.2329,within review band
395128,338,"Staunton, VA",msa,VA,1510.6983144134847,1438.532027994935,2026-04-30,2025-04-30,5.016661778405929,242,0.2322,review elevated rent growth
394763,213,"Lake Charles, LA",msa,LA,1162.6434782608696,1037.7605741915258,2026-04-30,2025-04-30,12.03388403598148,474,0.2319,review elevated rent growth
394458,23,"Charlotte, NC",msa,NC,1733.421030249324,1725.887737105666,2026-04-30,2025-04-30,0.4364880160914451,149,0.2315,within review band
394447,179,"Cedar Rapids, IA",msa,IA,1209.1566951566954,1088.9068167627074,2026-04-30,2025-04-30,11.043174360087836,447,0.2315,review elevated rent growth
394549,95,"Durham, NC",msa,NC,1707.222667757001,1691.7317689839276,2026-04-30,2025-04-30,0.9156829148144134,159,0.231,within review band
395235,89,"Winston, NC",msa,NC,1548.5239483385824,1488.0336561338825,2026-04-30,2025-04-30,4.065115863162806,221,0.2304,review elevated rent growth
395085,457,"Seneca, SC",msa,SC,1503.6455026455026,1433.825883340557,2026-04-30,2025-04-30,4.869462890590196,247,0.2294,review elevated rent growth
394714,40,"Jacksonville, FL",msa,FL,1692.38269454904,1675.2772836280174,2026-04-30,2025-04-30,1.0210495353926612,167,0.2292,within review band
394373,420,"Beaver Dam, WI",msa,WI,1232.875,1117.7089298240987,2026-04-30,2025-04-30,10.303762196301475,431,0.229,review elevated rent growth
394527,622,"Del Rio, TX",msa,TX,1608.3333333333333,1566.115369273013,2026-04-30,2025-04-30,2.6957122628786814,202,0.2289,within review band
394430,764,"Butte, MT",msa,MT,1348.75,1249.6741943205095,2026-04-30,2025-04-30,7.928130878413583,350,0.2287,review elevated rent growth
395011,231,"Racine, WI",msa,WI,1460.2946859903384,1382.1259076394665,2026-04-30,2025-04-30,5.655691563178668,269,0.2286,review elevated rent growth
394658,133,"Gulfport, MS",msa,MS,1426.1396938601508,1341.3569174794832,2026-04-30,2025-04-30,6.320672393443296,296,0.2283,review elevated rent growth
395173,361,"Twin Falls, ID",msa,ID,1602.517560870502,1560.0625944231203,2026-04-30,2025-04-30,2.7213630144808763,207,0.228,within review band
395031,52,"Rochester, NY",msa,NY,1576.1527273964905,1526.474170992287,2026-04-30,2025-04-30,3.2544642646596342,213,0.228,within review band
394466,28,"Cincinnati, OH",msa,OH,1557.3807291424482,1502.7769467215471,2026-04-30,2025-04-30,3.633525423718039,216,0.228,within review band
394719,328,"Jamestown, NY",msa,NY,1111.3333333333333,986.6550264160868,2026-04-30,2025-04-30,12.636463969592937,502,0.2278,review elevated rent growth
394485,219,"Columbia, MO",msa,MO,1441.683798515598,1361.2878107153354,2026-04-30,2025-04-30,5.905877299967584,281,0.2274,review elevated rent growth
394562,582,"Elizabeth City, NC",msa,NC,1503.2083333333333,1436.9731491393277,2026-04-30,2025-04-30,4.609354338574594,248,0.2269,review elevated rent growth
394800,301,"Logan, UT",msa,UT,1457.531054131054,1381.23907576045,2026-04-30,2025-04-30,5.523444833661456,273,0.2268,review elevated rent growth
394862,41,"Milwaukee, WI",msa,WI,1539.8398054320269,1482.9046932309943,2026-04-30,2025-04-30,3.8394316547060576,223,0.2266,within review band
394775,30,"Las Vegas, NV",msa,NV,1733.6222183048612,1735.9975423525811,2026-04-30,2025-04-30,-0.1368276158099241,147,0.2261,within review band
394960,242,"Panama City, FL",msa,FL,1677.248037793401,1661.1156655110174,2026-04-30,2025-04-30,0.9711769395312218,174,0.2258,within review band
394379,637,"Bemidji, MN",msa,MN,1450.8333333333333,1376.4588663594045,2026-04-30,2025-04-30,5.403319255782902,275,0.2243,review elevated rent growth
394590,108,"Fayetteville, AR",msa,AR,1596.2676349650426,1558.4008431230868,2026-04-30,2025-04-30,2.4298492912817906,208,0.2241,within review band
394440,78,"Cape Coral, FL",msa,FL,1877.659740040726,1942.3224159059023,2026-04-30,2025-04-30,-3.329142233835438,107,0.2235,within review band
395070,138,"Savannah, GA",msa,GA,1774.386142165112,1797.74711828179,2026-04-30,2025-04-30,-1.2994584098683204,132,0.2229,within review band
394823,386,"Mankato, MN",msa,MN,1319.0277777777776,1222.4419283366135,2026-04-30,2025-04-30,7.901058299970881,374,0.2227,review elevated rent growth
394390,324,"Bismarck, ND",msa,ND,1303.4150117508814,1204.4523819536942,2026-04-30,2025-04-30,8.216400355874915,385,0.2227,review elevated rent growth
395213,351,"Watertown, NY",msa,NY,1424.499202551834,1347.9542228838714,2026-04-30,2025-04-30,5.678603795921132,297,0.2219,review elevated rent growth
394905,341,"New Bern, NC",msa,NC,1551.0418803418804,1504.2896178312822,2026-04-30,2025-04-30,3.1079296138466,219,0.2218,within review band
394976,11,"Phoenix, AZ",msa,AZ,1740.5393169255483,1753.5235423025222,2026-04-30,2025-04-30,-0.7404648448531529,142,0.2217,within review band
394982,27,"Pittsburgh, PA",msa,PA,1507.4519937871653,1450.6181992425345,2026-04-30,2025-04-30,3.917901662498619,245,0.2211,within review band
394829,500,"Marquette, MI",msa,MI,1552.3333333333333,1507.205291596382,2026-04-30,2025-04-30,2.994153615872267,218,0.221,within review band
394792,110,"Lexington, KY",msa,KY,1500.7967287882364,1443.3741546159272,2026-04-30,2025-04-30,3.978356823743249,249,0.2204,within review band
395168,374,"Tullahoma, TN",msa,TN,1439.611111111111,1369.789162298033,2026-04-30,2025-04-30,5.097277065321567,283,0.2193,review elevated rent growth
394735,31,"Kansas City, MO",msa,MO,1525.8846865025564,1476.6646749346096,2026-04-30,2025-04-30,3.3331881234394936,233,0.2191,within review band
394953,399,"Paducah, KY",msa,KY,1209.638888888889,1102.361159152876,2026-04-30,2025-04-30,9.731631856337518,446,0.2191,review elevated rent growth
395015,128,"Reading, PA",msa,PA,1511.8347928710707,1459.231868192849,2026-04-30,2025-04-30,3.6048366147161,241,0.219,within review band
395146,145,"Tallahassee, FL",msa,FL,1538.1522537558892,1492.659144009176,2026-04-30,2025-04-30,3.0477895726764426,226,0.2187,within review band
395179,169,"Utica, NY",msa,NY,1374.7754803675855,1293.329832159392,2026-04-30,2025-04-30,6.297360981166634,333,0.2182,review elevated rent growth
394307,330,"Albany, OR",msa,OR,1609.7802469135804,1585.9381189587075,2026-04-30,2025-04-30,1.5033454124002734,201,0.2178,within review band
395144,626,"Tahlequah, OK",msa,OK,1220.0,1116.1370220221984,2026-04-30,2025-04-30,9.30557592199786,440,0.217,review elevated rent growth
395012,43,"Raleigh, NC",msa,NC,1674.325141846725,1672.7852328776871,2026-04-30,2025-04-30,0.092056585553952,176,0.2168,within review band
394931,87,"Ogden, UT",msa,UT,1612.9275681757515,1591.7225042879925,2026-04-30,2025-04-30,1.3322085872778715,198,0.2168,within review band
394768,104,"Lancaster, PA",msa,PA,1523.2168614397851,1476.8589098480732,2026-04-30,2025-04-30,3.1389560155398253,234,0.2167,within review band
394423,360,"Brunswick, GA",msa,GA,1652.6682916117695,1645.2674871947129,2026-04-30,2025-04-30,0.4498237809145236,184,0.2161,within review band
394567,663,"Ellensburg, WA",msa,WA,1629.507326007326,1614.875739167083,2026-04-30,2025-04-30,0.9060503223479868,189,0.2159,within review band
394716,227,"Jacksonville, NC",msa,NC,1510.6218257552946,1462.5016633928424,2026-04-30,2025-04-30,3.2902637697395,244,0.2157,within review band
395004,872,"Prineville, OR",msa,OR,1564.2777777777776,1531.4738850964825,2026-04-30,2025-04-30,2.141981851634935,215,0.2151,within review band
395043,618,"Ruston, LA",msa,LA,1252.315705128205,1154.9793578859812,2026-04-30,2025-04-30,8.427539988280277,415,0.2149,review elevated rent growth
394641,422,"Grants Pass, OR",msa,OR,1605.1010101010104,1584.9164133527051,2026-04-30,2025-04-30,1.2735432971892244,205,0.2147,within review band
394685,289,"Homosassa Springs, FL",msa,FL,1712.1201712465154,1727.727684670544,2026-04-30,2025-04-30,-0.9033549420147652,158,0.2146,within review band
394867,354,"Missoula, MT",msa,MT,1521.5308385308383,1478.484060901644,2026-04-30,2025-04-30,2.911548305968383,235,0.2142,within review band
394452,447,"Centralia, WA",msa,WA,1482.6455026455026,1429.8127396383763,2026-04-30,2025-04-30,3.695082687575474,258,0.2142,within review band
395048,126,"Salem, OR",msa,OR,1625.284316635011,1612.3517814050356,2026-04-30,2025-04-30,0.8020914157272651,193,0.2141,within review band
394462,391,"Cheyenne, WY",msa,WY,1459.2900042900044,1401.1616686929706,2026-04-30,2025-04-30,4.148581630216661,271,0.214,review elevated rent growth
394880,307,"Morristown, TN",msa,TN,1466.7063492063492,1410.8936520092147,2026-04-30,2025-04-30,3.955840124282443,265,0.2136,within review band
395237,355,"Wooster, OH",msa,OH,1306.5238095238094,1219.2953957057823,2026-04-30,2025-04-30,7.15400173946654,383,0.2132,review elevated rent growth
394353,339,"Augusta, ME",msa,ME,1475.5629877369008,1422.5797590920906,2026-04-30,2025-04-30,3.724446963776906,262,0.2131,within review band
395040,509,"Roswell, NM",msa,NM,1396.1666666666667,1325.6754103652358,2026-04-30,2025-04-30,5.317384312198255,316,0.213,review elevated rent growth
395202,234,"Warner Robins, GA",msa,GA,1552.9527233115468,1522.1012957644598,2026-04-30,2025-04-30,2.0268971344375752,217,0.2119,within review band
394514,4,"Dallas, TX",msa,TX,1660.1623766201476,1662.835222343248,2026-04-30,2025-04-30,-0.1607402638088135,181,0.2117,within review band
394711,98,"Jackson, MS",msa,MS,1444.4606694308347,1386.6955847382835,2026-04-30,2025-04-30,4.16566442760063,279,0.2113,review elevated rent growth
394647,486,"Greeneville, TN",msa,TN,1090.4761904761906,979.5999734215956,2026-04-30,2025-04-30,11.318519810420277,513,0.2112,review elevated rent growth
394879,310,"Morgantown, WV",msa,WV,1403.663368893217,1337.152577667866,2026-04-30,2025-04-30,4.974061474820839,310,0.2111,review elevated rent growth
395126,453,"Statesboro, GA",msa,GA,1546.165577342048,1514.6614065220408,2026-04-30,2025-04-30,2.0799480784518645,222,0.2111,within review band
394589,109,"Fayetteville, NC",msa,NC,1487.7844516189043,1440.7985195468684,2026-04-30,2025-04-30,3.2611035779529383,254,0.2111,within review band
394475,35,"Cleveland, OH",msa,OH,1440.7020669794863,1382.6903761534124,2026-04-30,2025-04-30,4.195566254497264,282,0.2109,review elevated rent growth
394483,189,"College Station, TX",msa,TX,1515.1129001370748,1475.7298520657782,2026-04-30,2025-04-30,2.668716636460718,239,0.2107,within review band
394729,243,"Joplin, MO",msa,MO,1271.8015432098766,1182.2576672048992,2026-04-30,2025-04-30,7.573972957745968,404,0.2105,review elevated rent growth
395199,525,"Walla Walla, WA",msa,WA,1518.5988529014846,1480.7014239235968,2026-04-30,2025-04-30,2.559424092229634,236,0.2103,within review band
394940,557,"Ontario, OR",msa,OR,1513.8833333333332,1475.1822090154965,2026-04-30,2025-04-30,2.623480955865445,240,0.21,within review band
394543,171,"Duluth, MN",msa,MN,1461.0315208825848,1409.041744268674,2026-04-30,2025-04-30,3.68972578884771,268,0.21,within review band
394454,209,"Champaign, IL",msa,IL,1387.695066045066,1319.9996190122597,2026-04-30,2025-04-30,5.128444437238696,323,0.2095,review elevated rent growth
394705,34,"Indianapolis, IN",msa,IN,1516.665774226932,1479.6737106009427,2026-04-30,2025-04-30,2.500014926328964,237,0.2094,within review band
394778,349,"Lawrence, KS",msa,KS,1333.8356261022927,1256.2672683315895,2026-04-30,2025-04-30,6.1745107690117065,361,0.2091,review elevated rent growth
394571,585,"Enterprise, AL",msa,AL,1398.8756613756614,1334.1318820077304,2026-04-30,2025-04-30,4.852877008718081,314,0.2091,review elevated rent growth
394588,342,"Farmington, NM",msa,NM,1361.9444444444443,1289.9101200188886,2026-04-30,2025-04-30,5.584445249914072,344,0.2089,review elevated rent growth
394599,381,"Fond du Lac, WI",msa,WI,1108.45,1001.192567407349,2026-04-30,2025-04-30,10.712967323598988,505,0.2089,review elevated rent growth
394749,809,"Kingsville, TX",msa,TX,1315.5277777777776,1235.0840883921564,2026-04-30,2025-04-30,6.51321558925947,377,0.2088,review elevated rent growth
394683,481,"Hobbs, NM",msa,NM,1392.4444444444443,1326.8900493646895,2026-04-30,2025-04-30,4.940454192956083,319,0.2087,review elevated rent growth
394707,252,"Iowa City, IA",msa,IA,1376.2529707368535,1307.473899087851,2026-04-30,2025-04-30,5.2604546597056965,332,0.2086,review elevated rent growth
753877,554,"Cullowhee, NC",msa,NC,1349.3055555555557,1275.591098078996,2026-04-30,2025-04-30,5.778846966521752,349,0.2083,review elevated rent growth
395053,48,"Salt Lake City, UT",msa,UT,1630.6070463434862,1629.4073833298953,2026-04-30,2025-04-30,0.0736257258844161,188,0.2082,within review band
395117,316,"Springfield, OH",msa,OH,1179.6962962962962,1080.425271507651,2026-04-30,2025-04-30,9.188143540008106,462,0.2081,review elevated rent growth
394515,305,"Dalton, GA",msa,GA,1399.5324074074076,1336.415231173523,2026-04-30,2025-04-30,4.72287166156141,313,0.208,review elevated rent growth
394645,161,"Greeley, CO",msa,CO,1690.0286979250577,1710.8729673062771,2026-04-30,2025-04-30,-1.2183411497837944,168,0.2074,within review band
395171,188,"Tuscaloosa, AL",msa,AL,1483.3525149190111,1441.1501268309953,2026-04-30,2025-04-30,2.928382498277012,257,0.207,within review band
394666,99,"Harrisburg, PA",msa,PA,1477.905245436824,1434.5543348387037,2026-04-30,2025-04-30,3.0219078877200327,261,0.2069,within review band
394917,282,"Niles, MI",msa,MI,1351.9222222222222,1281.472166985228,2026-04-30,2025-04-30,5.497587622424454,348,0.2062,review elevated rent growth
394720,268,"Janesville, WI",msa,WI,1214.900894062078,1122.161178075025,2026-04-30,2025-04-30,8.264384635560132,443,0.2061,review elevated rent growth
395107,159,"South Bend, IN",msa,IN,1385.23545168282,1321.9471215937078,2026-04-30,2025-04-30,4.787508445331252,327,0.2058,review elevated rent growth
394339,586,"Ashland, OH",msa,OH,867.138888888889,752.462542796215,2026-04-30,2025-04-30,15.240140149239451,571,0.2055,review elevated rent growth
395033,153,"Rockford, IL",msa,IL,1278.1711211263669,1195.522232154669,2026-04-30,2025-04-30,6.913203849228407,398,0.2054,review elevated rent growth
394927,149,"Ocala, FL",msa,FL,1627.667960042907,1630.6009602773258,2026-04-30,2025-04-30,-0.1798723480403206,191,0.2053,within review band
394486,72,"Columbia, SC",msa,SC,1536.994905935347,1512.58486158981,2026-04-30,2025-04-30,1.613796684430698,228,0.2049,within review band
394386,239,"Billings, MT",msa,MT,1435.0881626235398,1384.3621263522066,2026-04-30,2025-04-30,3.664217281427388,287,0.2047,within review band
395121,21,"St. Louis, MO",msa,MO,1436.1095778368297,1386.3003619108154,2026-04-30,2025-04-30,3.5929598876652875,285,0.2042,within review band
395113,100,"Spokane, WA",msa,WA,1535.6505477662197,1512.0887678091742,2026-04-30,2025-04-30,1.558227298466314,229,0.2041,within review band
394885,502,"Mount Pleasant, MI",msa,MI,1063.3333333333333,956.9497053557347,2026-04-30,2025-04-30,11.116950805481638,521,0.204,review elevated rent growth
394644,433,"Great Falls, MT",msa,MT,1325.4454191033135,1252.6771700082204,2026-04-30,2025-04-30,5.809018543430114,367,0.204,review elevated rent growth
394432,553,"Calhoun, GA",msa,GA,1637.25,1645.991944245669,2026-04-30,2025-04-30,-0.5311049228539959,186,0.2038,within review band
394910,47,"New Orleans, LA",msa,LA,1615.1537026293645,1617.6772083634696,2026-04-30,2025-04-30,-0.1559956288596069,197,0.2031,within review band
395139,314,"Sumter, SC",msa,SC,1427.5968253968256,1377.4707630000194,2026-04-30,2025-04-30,3.638992836961253,293,0.203,within review band
395028,164,"Roanoke, VA",msa,VA,1385.3010633720576,1326.0262803017245,2026-04-30,2025-04-30,4.470106207611942,326,0.2028,review elevated rent growth
395122,576,"St. Marys, GA",msa,GA,1537.1676691729324,1516.2551710188693,2026-04-30,2025-04-30,1.3792202363940256,227,0.2027,within review band
395026,705,"Riverton, WY",msa,WY,1262.3333333333333,1180.414597195401,2026-04-30,2025-04-30,6.939827441355482,409,0.2026,review elevated rent growth
394747,167,"Kingsport, TN",msa,TN,1327.412091933831,1256.8518979072865,2026-04-30,2025-04-30,5.614042047756818,366,0.2025,review elevated rent growth
394859,437,"Midland, MI",msa,MI,1372.8333333333333,1311.6313334461777,2026-04-30,2025-04-30,4.666097730858073,335,0.2023,review elevated rent growth
394492,32,"Columbus, OH",msa,OH,1515.5734342658832,1489.598386612045,2026-04-30,2025-04-30,1.743761800985567,238,0.202,within review band
395075,101,"Scranton, PA",msa,PA,1339.172398902662,1272.3193352281696,2026-04-30,2025-04-30,5.25442487773743,357,0.2014,review elevated rent growth
394679,150,"Hickory, NC",msa,NC,1416.4845064898018,1366.2267725263391,2026-04-30,2025-04-30,3.678579206183267,303,0.2013,within review band
394577,315,"Eureka, CA",msa,CA,1470.831416777237,1434.3848120069729,2026-04-30,2025-04-30,2.5409223846471582,264,0.2009,within review band
394437,612,"Ca-¦on City, CO",msa,CO,1460.1851851851852,1421.6290762313354,2026-04-30,2025-04-30,2.7121075109169883,270,0.2005,within review band
394875,143,"Montgomery, AL",msa,AL,1387.6133480614678,1332.1357466330962,2026-04-30,2025-04-30,4.164560673984491,324,0.2003,review elevated rent growth
394532,14,"Detroit, MI",msa,MI,1480.6904307426412,1447.877630493626,2026-04-30,2025-04-30,2.266268886123226,259,0.2002,within review band
394930,271,"Odessa, TX",msa,TX,1612.2772486772485,1618.7798619471455,2026-04-30,2025-04-30,-0.4016984287212055,199,0.2002,within review band
394593,470,"Findlay, OH",msa,OH,1289.292328042328,1215.1546019273014,2026-04-30,2025-04-30,6.101094132173817,394,0.1998,review elevated rent growth
394671,255,"Hattiesburg, MS",msa,MS,1394.1846180639284,1340.9526701519924,2026-04-30,2025-04-30,3.969711168545744,317,0.1998,within review band
394765,218,"Lake Havasu City, AZ",msa,AZ,1504.0517361111113,1479.4022840504272,2026-04-30,2025-04-30,1.6661764231698246,246,0.199,within review band
394938,59,"Omaha, NE",msa,NE,1431.4132611120976,1388.2832360895443,2026-04-30,2025-04-30,3.106716547556976,291,0.1987,within review band
394653,61,"Greenville, SC",msa,SC,1548.9983916526182,1539.6531449646454,2026-04-30,2025-04-30,0.6069709089047712,220,0.1976,within review band
394894,734,"Murray, KY",msa,KY,1206.8,1122.7003685478296,2026-04-30,2025-04-30,7.4908349376379055,450,0.1972,review elevated rent growth
394804,368,"Longview, WA",msa,WA,1435.9786324786326,1396.669017015628,2026-04-30,2025-04-30,2.814526203710059,286,0.1968,within review band
394568,432,"Elmira, NY",msa,NY,1247.0833333333333,1169.5829001202717,2026-04-30,2025-04-30,6.626330908659144,421,0.1967,review elevated rent growth
394692,5,"Houston, TX",msa,TX,1619.2174033384424,1634.2183435534723,2026-04-30,2025-04-30,-0.9179275385204412,196,0.1966,within review band
394425,50,"Buffalo, NY",msa,NY,1417.3461745658735,1373.9246306383727,2026-04-30,2025-04-30,3.1604021763061096,302,0.1965,within review band
394561,69,"El Paso, TX",msa,TX,1471.1924953857513,1441.4604560336168,2026-04-30,2025-04-30,2.062633021092125,263,0.1964,within review band
394651,259,"Greenville, NC",msa,NC,1346.8743686868686,1288.9344747981845,2026-04-30,2025-04-30,4.495177607671332,352,0.1956,review elevated rent growth
394648,76,"Greensboro, NC",msa,NC,1423.897848019967,1383.5225627387506,2026-04-30,2025-04-30,2.918296120974814,298,0.1955,within review band
394726,224,"Johnson City, TN",msa,TN,1489.1604278074865,1465.8851365693206,2026-04-30,2025-04-30,1.5877977515099266,251,0.1954,within review band
753869,255,"Bloomington, IL",msa,IL,1420.3077030812326,1380.086297186707,2026-04-30,2025-04-30,2.914412379611081,301,0.1947,within review band
395244,122,"York, PA",msa,PA,1369.8383838383836,1318.2261684556838,2026-04-30,2025-04-30,3.915277713168451,337,0.1945,within review band
395223,298,"Wichita Falls, TX",msa,TX,1268.508497133497,1197.5828384316226,2026-04-30,2025-04-30,5.922401058682509,407,0.1941,review elevated rent growth
394691,221,"Houma, LA",msa,LA,1331.5055230669266,1272.8471218291663,2026-04-30,2025-04-30,4.608440419259793,363,0.1938,review elevated rent growth
394635,350,"Goldsboro, NC",msa,NC,1372.202380952381,1322.3823715149497,2026-04-30,2025-04-30,3.7674435557059343,336,0.1936,within review band
394372,140,"Beaumont, TX",msa,TX,1308.3375591897247,1245.7624317604286,2026-04-30,2025-04-30,5.023038569309649,382,0.1932,review elevated rent growth
394860,254,"Midland, TX",msa,TX,1587.7852953074434,1598.080146473998,2026-04-30,2025-04-30,-0.6442011803518775,212,0.1931,within review band
394773,214,"Las Cruces, NM",msa,NM,1441.8447459086992,1409.3132132063795,2026-04-30,2025-04-30,2.308325246472789,280,0.1931,within review band
394852,397,"Meridian, MS",msa,MS,1359.3333333333333,1308.358361030034,2026-04-30,2025-04-30,3.896101696722296,346,0.1923,within review band
394360,505,"Baraboo, WI",msa,WI,1273.461111111111,1205.9028315945004,2026-04-30,2025-04-30,5.602298771227024,402,0.192,review elevated rent growth
394788,367,"Lewiston, ME",msa,ME,1494.2186609686607,1477.5725606552237,2026-04-30,2025-04-30,1.126584288087713,250,0.192,within review band
394393,270,"Bloomington, IN",msa,IN,1448.5371202590625,1419.8641245080569,2026-04-30,2025-04-30,2.019418284896802,276,0.1917,within review band
394489,445,"Columbus, IN",msa,IN,1362.4722222222224,1314.0264303002978,2026-04-30,2025-04-30,3.686820204282588,342,0.1909,within review band
394734,370,"Kankakee, IL",msa,IL,1320.2546296296296,1263.0036041083165,2026-04-30,2025-04-30,4.532926536004023,373,0.1909,review elevated rent growth
394446,562,"Cedar City, UT",msa,UT,1486.1416666666669,1469.081998590065,2026-04-30,2025-04-30,1.161246825771105,255,0.1907,within review band
394396,371,"Bluefield, WV",msa,VA,859.7916666666666,755.3994899106849,2026-04-30,2025-04-30,13.819466143447434,574,0.1905,review elevated rent growth
395054,344,"San Angelo, TX",msa,TX,1273.934837092732,1208.3618459526442,2026-04-30,2025-04-30,5.426602251612113,401,0.1904,review elevated rent growth
394460,102,"Chattanooga, TN",msa,TN,1510.660775965941,1501.9035317281282,2026-04-30,2025-04-30,0.5830763463041098,243,0.19,within review band
395231,455,"Wilson, NC",msa,NC,1374.3472222222224,1329.9850892366876,2026-04-30,2025-04-30,3.335536115746633,334,0.1899,within review band
394935,42,"Oklahoma City, OK",msa,OK,1392.1889673666064,1352.211683306774,2026-04-30,2025-04-30,2.9564368177968885,320,0.1897,within review band
395109,160,"Spartanburg, SC",msa,SC,1457.5893673893672,1434.551778552155,2026-04-30,2025-04-30,1.6059084922304696,272,0.1895,within review band
394689,392,"Hot Springs, AR",msa,AR,1199.3055555555557,1123.3515286480504,2026-04-30,2025-04-30,6.761376556714682,452,0.1888,review elevated rent growth
394354,698,"Austin, MN",msa,MN,997.0476190476188,899.5370925455503,2026-04-30,2025-04-30,10.84007844814146,549,0.1886,review elevated rent growth
394783,306,"Lebanon, PA",msa,PA,1381.627976190476,1340.8686963056923,2026-04-30,2025-04-30,3.0397666823814995,329,0.1885,within review band
394305,493,"Alamogordo, NM",msa,NM,1488.1666666666667,1475.5657323913554,2026-04-30,2025-04-30,0.8539730896901382,253,0.1882,within review band
395013,313,"Rapid City, SD",msa,SD,1380.689264252891,1340.3115470914674,2026-04-30,2025-04-30,3.0125620605929204,330,0.188,within review band
394612,132,"Fort Wayne, IN",msa,IN,1229.5878504560758,1159.423789861674,2026-04-30,2025-04-30,6.051631957868715,433,0.1878,review elevated rent growth
394637,377,"Grand Forks, ND",msa,MN,1161.375694444445,1081.1425878280468,2026-04-30,2025-04-30,7.421140145591878,475,0.1877,review elevated rent growth
394312,62,"Albuquerque, NM",msa,NM,1484.8291621533008,1472.087156609011,2026-04-30,2025-04-30,0.865574126306585,256,0.1877,within review band
395247,225,"Yuma, AZ",msa,AZ,1420.3137973137975,1390.2796871037708,2026-04-30,2025-04-30,2.160292672663134,300,0.1876,within review band
395000,304,"Pottsville, PA",msa,PA,1245.2962962962963,1178.5131214717155,2026-04-30,2025-04-30,5.666731545694002,423,0.1872,review elevated rent growth
394490,543,"Columbus, MS",msa,MS,1382.3584656084656,1344.1302076634088,2026-04-30,2025-04-30,2.84408889310743,328,0.1868,within review band
395182,300,"Valdosta, GA",msa,GA,1362.071792152704,1319.3619409403695,2026-04-30,2025-04-30,3.2371595607717074,343,0.1866,within review band
394304,83,"Akron, OH",msa,OH,1260.0607864357864,1196.7887341220278,2026-04-30,2025-04-30,5.286818843609474,411,0.1864,review elevated rent growth
394369,380,"Bay City, MI",msa,MI,1181.2129629629628,1105.2841974548237,2026-04-30,2025-04-30,6.869614682177031,461,0.1863,review elevated rent growth
395103,182,"Sioux Falls, SD",msa,SD,1320.3856921747172,1269.6817198132192,2026-04-30,2025-04-30,3.993439581768335,371,0.1858,within review band
394478,615,"Clovis, NM",msa,NM,1190.5561840120663,1116.6526140934775,2026-04-30,2025-04-30,6.618313429426332,457,0.1857,review elevated rent growth
394896,250,"Muskegon, MI",msa,MI,1143.070707070707,1062.8174084304333,2026-04-30,2025-04-30,7.550995872262913,485,0.1854,review elevated rent growth
394323,186,"Amarillo, TX",msa,TX,1297.1698924731184,1242.7587700016077,2026-04-30,2025-04-30,4.37825294698506,387,0.1849,review elevated rent growth
395096,141,"Shreveport, LA",msa,LA,1336.6479763986088,1290.7512974417805,2026-04-30,2025-04-30,3.555811181270454,358,0.1847,within review band
394942,429,"Orangeburg, SC",msa,SC,1333.8666666666666,1288.046710460911,2026-04-30,2025-04-30,3.557321006577425,360,0.1842,within review band
395080,390,"Sebring, FL",msa,FL,1533.4567230273751,1541.171949356295,2026-04-30,2025-04-30,-0.5006077571125248,231,0.184,within review band
394712,246,"Jackson, TN",msa,TN,1409.9626984126985,1382.469906015495,2026-04-30,2025-04-30,1.9886720338413828,307,0.1839,within review band
395114,220,"Springfield, IL",msa,IL,1177.2088095238096,1103.3938659782184,2026-04-30,2025-04-30,6.689809126331352,463,0.1838,review elevated rent growth
395010,468,"Quincy, IL",msa,IL,998.75,905.9524480328832,2026-04-30,2025-04-30,10.243093019794845,548,0.1833,review elevated rent growth
394764,489,"Lake City, FL",msa,FL,1525.892857142857,1532.7688943174428,2026-04-30,2025-04-30,-0.4486023431241184,232,0.1831,within review band
394565,223,"Elkhart, IN",msa,IN,1169.4277777777777,1095.6887734216657,2026-04-30,2025-04-30,6.729922414540813,471,0.1827,review elevated rent growth
394388,51,"Birmingham, AL",msa,AL,1421.6780351031914,1400.425995673081,2026-04-30,2025-04-30,1.5175410550627628,299,0.1817,within review band
394355,29,"Austin, TX",msa,TX,1603.6026487146676,1639.3902216933332,2026-04-30,2025-04-30,-2.182980751324749,206,0.1815,within review band
394954,601,"Pahrump, NV",msa,NV,1389.375,1360.082093932452,2026-04-30,2025-04-30,2.1537601442022143,321,0.1815,within review band
394419,778,"Brookings, SD",msa,SD,1314.7079772079771,1268.7458837541917,2026-04-30,2025-04-30,3.6226398085158382,379,0.1811,within review band
394807,46,"Louisville, KY",msa,KY,1377.4482604013392,1345.9064535769658,2026-04-30,2025-04-30,2.343536338691739,331,0.181,within review band
845158,74,"Dayton, OH",msa,OH,1331.4393439536468,1289.66784481475,2026-04-30,2025-04-30,3.238934684371926,364,0.1807,within review band
395167,54,"Tucson, AZ",msa,AZ,1445.753368972046,1432.6548800871826,2026-04-30,2025-04-30,0.9142808269404216,277,0.1806,within review band
394598,292,"Florence, AL",msa,AL,1204.867724867725,1138.981659820057,2026-04-30,2025-04-30,5.784646704326825,451,0.1805,review elevated rent growth
394770,107,"Lansing, MI",msa,MI,1257.5327646792437,1200.879408913834,2026-04-30,2025-04-30,4.717655690062279,412,0.1805,review elevated rent growth
394445,454,"Casper, WY",msa,WY,1316.7063492063492,1272.3285070886625,2026-04-30,2025-04-30,3.4879232737802823,376,0.1802,within review band
394511,424,"Cullman, AL",msa,AL,1385.8287037037037,1357.5824191877882,2026-04-30,2025-04-30,2.080631283720852,325,0.1802,within review band
394808,162,"Lubbock, TX",msa,TX,1401.7479980236706,1377.6583492438444,2026-04-30,2025-04-30,1.7485938217590893,311,0.1801,within review band
394395,439,"Bloomsburg, PA",msa,PA,1295.8721833721831,1247.4696846823383,2026-04-30,2025-04-30,3.880054103452645,389,0.1799,within review band
395170,269,"Tupelo, MS",msa,MS,1238.548717948718,1179.299045196403,2026-04-30,2025-04-30,5.024143197067311,429,0.1798,review elevated rent growth
395129,680,"Stephenville, TX",msa,TX,1426.580808080808,1409.554552691148,2026-04-30,2025-04-30,1.207917448611917,295,0.1797,within review band
753895,208,"Lafayette, IN",msa,IN,1323.1429701815755,1280.991051092974,2026-04-30,2025-04-30,3.290570925740381,369,0.1796,within review band
394604,580,"Fort Leonard Wood, MO",msa,MO,1085.1954887218046,1004.1948601991044,2026-04-30,2025-04-30,8.066226161189476,515,0.1792,review elevated rent growth
394352,96,"Augusta, GA",msa,GA,1454.609168167263,1446.2545606352144,2026-04-30,2025-04-30,0.5776719921546347,274,0.1791,within review band
394703,279,"Idaho Falls, ID",msa,ID,1408.3670843776108,1388.4289897975973,2026-04-30,2025-04-30,1.4360183146939371,308,0.1784,within review band
394495,363,"Cookeville, TN",msa,TN,1538.690476190476,1557.6396845472557,2026-04-30,2025-04-30,-1.216533486195015,225,0.1782,within review band
394455,192,"Charleston, WV",msa,WV,1184.4882352941177,1118.656762511992,2026-04-30,2025-04-30,5.884867904816337,458,0.1776,review elevated rent growth
394428,260,"Burlington, NC",msa,NC,1410.4190837178642,1392.6683128542134,2026-04-30,2025-04-30,1.2745871145205694,306,0.1772,within review band
395160,93,"Toledo, OH",msa,OH,1255.5995527933972,1202.6440417101885,2026-04-30,2025-04-30,4.403257260386427,413,0.1772,review elevated rent growth
394367,66,"Baton Rouge, LA",msa,LA,1369.4918512628744,1342.1019142943449,2026-04-30,2025-04-30,2.040823925277744,338,0.1766,within review band
394344,584,"Athens, TN",msa,TN,1252.638888888889,1200.6448483821143,2026-04-30,2025-04-30,4.330509607136305,414,0.1759,review elevated rent growth
395197,178,"Waco, TX",msa,TX,1401.3333333333333,1383.168761751562,2026-04-30,2025-04-30,1.31325779500462,312,0.1758,within review band
753911,608,"Ozark, AL",msa,AL,1392.7777777777776,1372.8982766040135,2026-04-30,2025-04-30,1.4479952020143694,318,0.1755,within review band
394857,365,"Michigan City, IN",msa,IN,1176.607142857143,1112.149847068319,2026-04-30,2025-04-30,5.795738403303866,467,0.1752,review elevated rent growth
394368,318,"Battle Creek, MI",msa,MI,1163.8649237472766,1098.013566154903,2026-04-30,2025-04-30,5.997317303007135,473,0.1747,review elevated rent growth
394821,320,"Manhattan, KS",msa,KS,1177.1853155972874,1113.6590837238164,2026-04-30,2025-04-30,5.704279954423226,464,0.1744,review elevated rent growth
394761,116,"Lafayette, LA",msa,LA,1364.5613191672892,1338.9744486220802,2026-04-30,2025-04-30,1.910930456629703,341,0.1744,within review band
394608,611,"Fort Polk South, LA",msa,LA,1272.5,1226.5239605299428,2026-04-30,2025-04-30,3.748482781387525,403,0.1742,within review band
394849,44,"Memphis, TN",msa,TN,1432.018200573379,1425.1602882310162,2026-04-30,2025-04-30,0.481202879352978,290,0.1738,within review band
394870,127,"Mobile, AL",msa,AL,1304.3159722222224,1266.3919181043962,2026-04-30,2025-04-30,2.9946538331192936,384,0.1731,within review band
395038,401,"Rome, GA",msa,GA,1242.040404040404,1191.4296520784658,2026-04-30,2025-04-30,4.247900987997653,428,0.1731,review elevated rent growth
394597,228,"Florence, SC",msa,SC,1357.5980392156862,1332.739389028499,2026-04-30,2025-04-30,1.8652296459330893,347,0.1727,within review band
394698,114,"Huntsville, AL",msa,AL,1368.525213528559,1346.6585231970444,2026-04-30,2025-04-30,1.6237739527019794,339,0.1725,within review band
394796,154,"Lincoln, NE",msa,NE,1333.698228971012,1303.4756311995118,2026-04-30,2025-04-30,2.318616247830282,362,0.1724,within review band
394732,190,"Kalamazoo, MI",msa,MI,1293.8235104669886,1254.7675730690505,2026-04-30,2025-04-30,3.11260334074547,391,0.1722,within review band
395169,56,"Tulsa, OK",msa,OK,1342.2800557388605,1314.6111884340162,2026-04-30,2025-04-30,2.104718683993847,355,0.172,within review band
395008,620,"Pullman, WA",msa,WA,1293.097821718511,1254.4322906388013,2026-04-30,2025-04-30,3.0823131203055967,392,0.1718,within review band
394537,293,"Dothan, AL",msa,AL,1215.4563492063492,1161.596246986176,2026-04-30,2025-04-30,4.636731769744952,442,0.1716,review elevated rent growth
394811,191,"Lynchburg, VA",msa,VA,1324.2877906976744,1292.8799866088766,2026-04-30,2025-04-30,2.429289989334431,368,0.1716,within review band
394881,703,"Moscow, ID",msa,ID,1176.548611111111,1117.154943623709,2026-04-30,2025-04-30,5.316511181049536,468,0.1706,review elevated rent growth
394411,561,"Branson, MO",msa,MO,1321.8809523809523,1291.3239949086835,2026-04-30,2025-04-30,2.3663277065047974,370,0.1705,within review band
394334,197,"Appleton, WI",msa,WI,1226.937922705314,1177.1266214346645,2026-04-30,2025-04-30,4.231600947903138,434,0.17,review elevated rent growth
394723,291,"Jefferson City, MO",msa,MO,1000.7645687645688,919.9690568352672,2026-04-30,2025-04-30,8.78241624856836,547,0.1697,review elevated rent growth
394336,546,"Ardmore, OK",msa,OK,1196.9761904761904,1142.5247335641966,2026-04-30,2025-04-30,4.765888677274244,453,0.1693,review elevated rent growth
394873,283,"Monroe, MI",msa,MI,1335.35,1309.7247648496857,2026-04-30,2025-04-30,1.9565358950248728,359,0.1692,within review band
394655,488,"Greenwood, SC",msa,SC,1225.9444444444443,1176.9094823782418,2026-04-30,2025-04-30,4.166417451843029,436,0.1692,review elevated rent growth
394961,647,"Paragould, AR",msa,AR,1159.2222222222222,1098.9413928387448,2026-04-30,2025-04-30,5.485354339758022,477,0.1689,review elevated rent growth
395224,94,"Wichita, KS",msa,KS,1165.4539347282537,1106.4148275188934,2026-04-30,2025-04-30,5.336073391365692,472,0.1687,review elevated rent growth
394728,323,"Jonesboro, AR",msa,AR,1315.3140025990904,1286.432089028783,2026-04-30,2025-04-30,2.2451176254560337,378,0.1681,within review band
395161,199,"Topeka, KS",msa,KS,1210.8130193059626,1161.2223498062046,2026-04-30,2025-04-30,4.270557616121847,445,0.1673,review elevated rent growth
394474,334,"Cleveland, TN",msa,TN,1411.5209822361546,1408.803885305082,2026-04-30,2025-04-30,0.1928655194249516,305,0.1671,within review band
394579,165,"Evansville, IN",msa,IN,1075.8410256410257,1005.8853900864008,2026-04-30,2025-04-30,6.954632828359904,517,0.1668,review elevated rent growth
395248,426,"Zanesville, OH",msa,OH,1034.1555555555556,960.0126888290024,2026-04-30,2025-04-30,7.723113203533866,529,0.1661,review elevated rent growth
394631,531,"Gillette, WY",msa,WY,1208.486111111111,1160.178702928776,2026-04-30,2025-04-30,4.163790290270549,449,0.1658,review elevated rent growth
395225,359,"Williamsport, PA",msa,PA,1046.2045454545453,973.995493014609,2026-04-30,2025-04-30,7.413694720130826,523,0.1655,review elevated rent growth
394620,383,"Gadsden, AL",msa,AL,1124.5555555555557,1063.2670827635134,2026-04-30,2025-04-30,5.7641653527680745,494,0.1649,review elevated rent growth
395116,118,"Springfield, MO",msa,MO,1249.5113017653855,1210.3662099476735,2026-04-30,2025-04-30,3.2341527296440566,419,0.1649,within review band
394345,446,"Athens, TX",msa,TX,1344.2807692307692,1326.8582787151413,2026-04-30,2025-04-30,1.3130634066283968,354,0.1648,within review band
394471,163,"Clarksville, TN",msa,TN,1341.798399231832,1323.775271612321,2026-04-30,2025-04-30,1.361494507867597,356,0.1648,within review band
394699,465,"Huntsville, TX",msa,TX,1345.1525252525253,1329.8976449259603,2026-04-30,2025-04-30,1.1470717603544769,353,0.1634,within review band
394548,641,"Durant, OK",msa,OK,1282.7777777777776,1252.8697141924008,2026-04-30,2025-04-30,2.3871647024890787,396,0.1632,within review band
394661,325,"Hammond, LA",msa,LA,1329.3269927536232,1310.568607470251,2026-04-30,2025-04-30,1.431316542792901,365,0.1631,within review band
394758,852,"La Grande, OR",msa,OR,1222.111111111111,1180.669119705824,2026-04-30,2025-04-30,3.5100427980713875,439,0.1622,within review band
394882,403,"Moses Lake, WA",msa,WA,1488.378260869565,1517.9238759870038,2026-04-30,2025-04-30,-1.946449066704824,252,0.1616,within review band
394531,84,"Des Moines, IA",msa,IA,1287.108489350156,1260.7934079292652,2026-04-30,2025-04-30,2.087184248854138,395,0.1612,within review band
394453,277,"Chambersburg, PA",msa,PA,1251.6656611362496,1217.6299480308503,2026-04-30,2025-04-30,2.795242771454644,416,0.1611,within review band
395007,264,"Pueblo, CO",msa,CO,1312.8498168498168,1293.7985455171852,2026-04-30,2025-04-30,1.4725067823457787,380,0.1603,within review band
395174,201,"Tyler, TX",msa,TX,1364.8059134951554,1359.214394021677,2026-04-30,2025-04-30,0.4113787713014229,340,0.1602,within review band
394803,173,"Longview, TX",msa,TX,1217.0189374895256,1177.3055802980946,2026-04-30,2025-04-30,3.373241226069407,441,0.1599,within review band
394370,751,"Bay City, TX",msa,TX,974.888888888889,900.5247502507196,2026-04-30,2025-04-30,8.257867273216563,553,0.1597,review elevated rent growth
395215,266,"Wausau, WI",msa,WI,1006.8105263157896,935.6111000324393,2026-04-30,2025-04-30,7.609938176330075,544,0.1597,review elevated rent growth
395089,352,"Sheboygan, WI",msa,WI,1125.4809523809524,1069.7991248330416,2026-04-30,2025-04-30,5.204886249706071,492,0.1597,review elevated rent growth
394809,425,"Lufkin, TX",msa,TX,1260.4166666666667,1231.26008221436,2026-04-30,2025-04-30,2.3680280773717706,410,0.1587,within review band
753887,417,"Hermiston, OR",msa,OR,1444.920634920635,1465.3553776790204,2026-04-30,2025-04-30,-1.3945247050413203,278,0.1584,within review band
394406,248,"Bowling Green, KY",msa,KY,1295.0268474215843,1274.3380114258564,2026-04-30,2025-04-30,1.6234967340085211,390,0.1583,within review band
394502,129,"Corpus Christi, TX",msa,TX,1406.8631214665777,1418.0389753827685,2026-04-30,2025-04-30,-0.7881203627124664,309,0.1569,within review band
394710,272,"Jackson, MI",msa,MI,1192.7836433718787,1153.3681567990195,2026-04-30,2025-04-30,3.4174245526467715,455,0.1557,within review band
395140,415,"Sunbury, PA",msa,PA,1042.4166666666667,979.202023257841,2026-04-30,2025-04-30,6.455730473116089,524,0.1556,review elevated rent growth
395098,335,"Sierra Vista, AZ",msa,AZ,1243.3763888888889,1214.4353594017157,2026-04-30,2025-04-30,2.38308521430328,425,0.1556,within review band
395049,537,"Salina, KS",msa,KS,1023.8777777777776,958.4482220085677,2026-04-30,2025-04-30,6.826613505745029,534,0.1556,review elevated rent growth
395204,578,"Warrensburg, MO",msa,MO,1066.992845117845,1007.6315319703584,2026-04-30,2025-04-30,5.8911726423853965,520,0.155,review elevated rent growth
395039,366,"Roseburg, OR",msa,OR,1264.4747474747471,1240.9941122858106,2026-04-30,2025-04-30,1.8920827227525745,408,0.155,within review band
394488,158,"Columbus, GA",msa,GA,1248.9042969671898,1222.7445216314163,2026-04-30,2025-04-30,2.139430999115861,420,0.1543,within review band
394861,588,"Milledgeville, GA",msa,GA,1299.1666666666667,1285.3544951146057,2026-04-30,2025-04-30,1.0745807171919146,386,0.1539,within review band
394955,479,"Palatka, FL",msa,FL,1320.3333333333333,1311.997700723272,2026-04-30,2025-04-30,0.6353389648065778,372,0.1538,within review band
394555,258,"Eau Claire, WI",msa,WI,1222.5589784946235,1191.5524280312625,2026-04-30,2025-04-30,2.6021977492498127,438,0.1536,within review band
395212,430,"Watertown, WI",msa,WI,1131.559523809524,1083.48603398535,2026-04-30,2025-04-30,4.436927502179874,488,0.1536,review elevated rent growth
394621,558,"Gaffney, SC",msa,SC,1018.1666666666666,954.0741344164708,2026-04-30,2025-04-30,6.717772753518365,539,0.1534,review elevated rent growth
395118,230,"St. Cloud, MN",msa,MN,1245.6722222222222,1219.994130406605,2026-04-30,2025-04-30,2.104771750586948,422,0.1534,within review band
394752,490,"Klamath Falls, OR",msa,OR,1242.0419580419582,1216.2586676924038,2026-04-30,2025-04-30,2.1198854351001466,427,0.1528,within review band
845167,296,"Ottawa, IL",msa,IL,1190.892857142857,1154.9027968892278,2026-04-30,2025-04-30,3.116284794752407,456,0.1524,within review band
394866,458,"Minot, ND",msa,ND,1042.3401483781918,982.8932976538616,2026-04-30,2025-04-30,6.048148956374826,525,0.1517,review elevated rent growth
395132,485,"Stevens Point, WI",msa,WI,1226.3636363636365,1199.273084774894,2026-04-30,2025-04-30,2.258914331745174,435,0.1511,within review band
394563,281,"Elizabethtown, KY",msa,KY,1270.4313131313131,1253.3270238681991,2026-04-30,2025-04-30,1.364710800723361,405,0.1511,within review band
394614,471,"Frankfort, KY",msa,KY,1124.540404040404,1078.1929978542232,2026-04-30,2025-04-30,4.298618733234168,495,0.1509,review elevated rent growth
394646,157,"Green Bay, WI",msa,WI,1183.2774343711844,1147.926993412687,2026-04-30,2025-04-30,3.079502543398143,460,0.1506,within review band
394762,379,"LaGrange, GA",msa,GA,1317.521645021645,1313.7441827617504,2026-04-30,2025-04-30,0.2875340807944622,375,0.1499,within review band
394949,346,"Owensboro, KY",msa,KY,1159.4642857142856,1120.5966574309589,2026-04-30,2025-04-30,3.468476193069614,476,0.1497,within review band
395240,193,"Yakima, WA",msa,WA,1244.021851851852,1223.7191955840665,2026-04-30,2025-04-30,1.6590943691207962,424,0.1488,within review band
395090,394,"Shelby, NC",msa,NC,1222.9603174603176,1198.200331500297,2026-04-30,2025-04-30,2.0664312393419286,437,0.1486,within review band
394542,396,"Dubuque, IA",msa,IA,1115.670634920635,1070.329658182167,2026-04-30,2025-04-30,4.236169332677797,500,0.1486,review elevated rent growth
394410,408,"Brainerd, MN",msa,MN,1130.9444444444443,1088.6484776267007,2026-04-30,2025-04-30,3.885181276324441,489,0.1482,within review band
395081,674,"Sedalia, MO",msa,MO,958.5555555555557,893.0833637764277,2026-04-30,2025-04-30,7.331028035532644,557,0.1478,review elevated rent growth
394507,722,"Crawfordsville, IN",msa,IN,1027.8666666666666,970.405891265548,2026-04-30,2025-04-30,5.921313536769803,532,0.1477,review elevated rent growth
394810,348,"Lumberton, NC",msa,NC,1076.6666666666667,1026.1808114995545,2026-04-30,2025-04-30,4.919781640950533,516,0.1476,review elevated rent growth
394523,276,"Decatur, AL",msa,AL,1151.748952572482,1113.894442055714,2026-04-30,2025-04-30,3.398392979401775,481,0.1476,within review band
394798,81,"Little Rock, AR",msa,AR,1231.8427062234402,1210.4056576558894,2026-04-30,2025-04-30,1.7710631499415268,432,0.1475,within review band
394513,409,"Cumberland, MD",msa,MD,1029.75,973.4284164669424,2026-04-30,2025-04-30,5.785898847855371,531,0.1468,review elevated rent growth
394321,340,"Altoona, PA",msa,PA,1019.8888888888888,962.471360938796,2026-04-30,2025-04-30,5.9656349560456166,537,0.1466,review elevated rent growth
395088,482,"Shawnee, OK",msa,OK,1128.611111111111,1087.7236935673968,2026-04-30,2025-04-30,3.7589893265647456,491,0.1465,within review band
395055,24,"San Antonio, TX",msa,TX,1397.5904115985188,1421.791823647687,2026-04-30,2025-04-30,-1.702176904286733,315,0.1464,within review band
394570,523,"Enid, OK",msa,OK,1151.898148148148,1115.4147462057122,2026-04-30,2025-04-30,3.270837333515704,480,0.1464,within review band
395047,233,"Saginaw, MI",msa,MI,1035.3370370370371,980.5696126843908,2026-04-30,2025-04-30,5.585266323184947,528,0.1459,review elevated rent growth
394540,511,"Dublin, GA",msa,GA,1019.5833333333334,962.7655143731708,2026-04-30,2025-04-30,5.901522033343185,538,0.1459,review elevated rent growth
394585,194,"Fargo, ND",msa,ND,1141.881184175302,1104.096194522019,2026-04-30,2025-04-30,3.4222552202202565,486,0.1459,within review band
394638,462,"Grand Island, NE",msa,NE,1277.3643162393162,1268.8815930007072,2026-04-30,2025-04-30,0.6685196857926397,400,0.1458,within review band
395094,319,"Sherman, TX",msa,TX,1426.904852979443,1461.9313551102937,2026-04-30,2025-04-30,-2.395906073729996,294,0.1454,within review band
394518,385,"Danville, VA",msa,VA,1177.0648148148148,1147.0371711541477,2026-04-30,2025-04-30,2.6178439910934443,465,0.145,within review band
395102,297,"Sioux City, IA",msa,IA,1146.3909090909092,1110.5698654197374,2026-04-30,2025-04-30,3.225465122595712,484,0.1449,within review band
394771,733,"Laramie, WY",msa,WY,1149.1723411723412,1115.560730380481,2026-04-30,2025-04-30,3.0129790227015745,483,0.1434,within review band
395205,451,"Warsaw, IN",msa,IN,1104.9583333333333,1063.814387268496,2026-04-30,2025-04-30,3.8675869171576656,508,0.143,within review band
395037,659,"Rolla, MO",msa,MO,850.9791666666666,780.7661233745162,2026-04-30,2025-04-30,8.9928393650951,577,0.1429,review elevated rent growth
394630,382,"Gettysburg, PA",msa,PA,1236.1666666666667,1221.9904442874645,2026-04-30,2025-04-30,1.160092736033492,430,0.1425,within review band
395227,715,"Williston, ND",msa,ND,1282.3930236430235,1280.5952460445951,2026-04-30,2025-04-30,0.1403860902952161,397,0.1417,within review band
394727,322,"Johnstown, PA",msa,PA,862.0793650793652,793.5413413840304,2026-04-30,2025-04-30,8.636982110572381,572,0.1416,review elevated rent growth
394756,311,"La Crosse, WI",msa,WI,1125.0627705627703,1089.3580913115206,2026-04-30,2025-04-30,3.2775888420917143,493,0.1413,within review band
394596,135,"Flint, MI",msa,MI,1104.3311868686867,1065.0053971309903,2026-04-30,2025-04-30,3.692543703875661,509,0.1412,within review band
395210,261,"Waterloo, IA",msa,IA,1109.5484472049689,1072.210443848182,2026-04-30,2025-04-30,3.4823390847397584,503,0.1402,within review band
394300,720,"Ada, OK",msa,OK,1087.559523809524,1046.771722330281,2026-04-30,2025-04-30,3.89653260678871,514,0.1399,within review band
395145,443,"Talladega, AL",msa,AL,1388.3333333333333,1419.625887463097,2026-04-30,2025-04-30,-2.2042817340901077,322,0.1398,within review band
395152,299,"Texarkana, TX",msa,TX,1101.9126984126983,1063.8292819592473,2026-04-30,2025-04-30,3.579842846900497,511,0.1397,within review band
395020,517,"Rexburg, ID",msa,ID,1170.086247086247,1145.20137311953,2026-04-30,2025-04-30,2.1729692742972087,470,0.1394,within review band
395245,106,"Youngstown, OH",msa,OH,1032.2713023088024,983.6552727224353,2026-04-30,2025-04-30,4.942384891793845,530,0.1392,review elevated rent growth
394746,120,"Killeen, TX",msa,TX,1312.024776772638,1321.8877939062927,2026-04-30,2025-04-30,-0.7461311904930014,381,0.139,within review band
394919,616,"Norfolk, NE",msa,NE,1170.5555555555554,1146.7739886847614,2026-04-30,2025-04-30,2.073779760044012,469,0.1386,within review band
394697,151,"Huntington, WV",msa,OH,1041.6643427741467,997.191792154712,2026-04-30,2025-04-30,4.459779048455599,526,0.1364,review elevated rent growth
395023,373,"Richmond, KY",msa,KY,1092.0014430014432,1055.987239658711,2026-04-30,2025-04-30,3.4104771336414945,512,0.1362,within review band
394572,184,"Erie, PA",msa,PA,1106.8533377542,1073.8331253489162,2026-04-30,2025-04-30,3.0749854540531896,506,0.1358,within review band
394972,136,"Peoria, IL",msa,IL,1140.6729231166153,1114.1331050445192,2026-04-30,2025-04-30,2.3821047908845303,487,0.1357,within review band
394333,357,"Anniston, AL",msa,AL,993.79477124183,944.2087211093092,2026-04-30,2025-04-30,5.251598404457047,551,0.1348,review elevated rent growth
395217,353,"Weirton, WV",msa,OH,857.7333333333332,794.2533262830007,2026-04-30,2025-04-30,7.992413119301686,575,0.1346,review elevated rent growth
394391,623,"Blackfoot, ID",msa,ID,1113.1666666666667,1082.7485314790465,2026-04-30,2025-04-30,2.809344395606681,501,0.1345,within review band
395190,400,"Victoria, TX",msa,TX,1156.2175925925926,1135.3474468018203,2026-04-30,2025-04-30,1.838216648970479,479,0.1336,within review band
394981,708,"Pittsburg, KS",msa,KS,857.421568627451,794.9388510950115,2026-04-30,2025-04-30,7.8600658964360495,576,0.1333,review elevated rent growth
394988,412,"Pocatello, ID",msa,ID,1122.379276637341,1095.168694962381,2026-04-30,2025-04-30,2.484601851762629,497,0.1332,within review band
394780,332,"Lawton, OK",msa,OK,1120.5733867483602,1093.1466695048696,2026-04-30,2025-04-30,2.5089695654393136,498,0.1331,within review band
394893,364,"Muncie, IN",msa,IN,966.0276755719084,915.0035340749898,2026-04-30,2025-04-30,5.576387368656528,555,0.1325,review elevated rent growth
394503,592,"Corsicana, TX",msa,TX,1249.8333333333333,1252.7534149379796,2026-04-30,2025-04-30,-0.2330930867820423,418,0.1319,within review band
394469,418,"Clarksburg, WV",msa,WV,1050.7380952380952,1012.3442614767736,2026-04-30,2025-04-30,3.792566938179112,522,0.1318,within review band
394813,200,"Macon, GA",msa,GA,1214.1762065095395,1210.3111063633364,2026-04-30,2025-04-30,0.319347655811957,444,0.1303,within review band
394306,295,"Albany, GA",msa,GA,1006.3366013071894,962.8116920989464,2026-04-30,2025-04-30,4.520604554911245,546,0.1302,review elevated rent growth
394772,187,"Laredo, TX",msa,TX,1361.3795093795095,1400.2578543490297,2026-04-30,2025-04-30,-2.7765132578095386,345,0.1292,within review band
394850,651,"Menomonie, WI",msa,WI,1102.5942760942762,1077.5155001203,2026-04-30,2025-04-30,2.3274631289458294,510,0.1279,within review band
394524,378,"Decatur, IL",msa,IL,1017.9629629629628,981.41945455871,2026-04-30,2025-04-30,3.723536173499277,540,0.1249,within review band
394609,196,"Fort Smith, AR",msa,AR,1021.3225037289134,985.4608843428086,2026-04-30,2025-04-30,3.639070810001799,536,0.1247,within review band
394582,556,"Fairmont, WV",msa,WV,1068.75,1041.380352961221,2026-04-30,2025-04-30,2.6282085081547737,518,0.1242,within review band
394964,419,"Parkersburg, WV",msa,WV,976.4111111111112,934.5848959658392,2026-04-30,2025-04-30,4.475378890223447,552,0.124,review elevated rent growth
394799,727,"Lock Haven, PA",msa,PA,910.8333333333334,862.0105706998039,2026-04-30,2025-04-30,5.663824121541086,564,0.1227,review elevated rent growth
394833,696,"Marshalltown, IA",msa,IA,1068.3333333333333,1043.2157487954612,2026-04-30,2025-04-30,2.407707568340857,519,0.122,within review band
394520,144,"Davenport, IA",msa,IL,1025.863506357612,993.6133129348892,2026-04-30,2025-04-30,3.2457489249478493,533,0.1218,within review band
394824,337,"Mansfield, OH",msa,OH,904.7279761904762,856.1835797203865,2026-04-30,2025-04-30,5.669858383168632,565,0.1216,review elevated rent growth
394996,915,"Portales, NM",msa,NM,895.9126984126984,846.5060724134936,2026-04-30,2025-04-30,5.836535331440733,567,0.1215,review elevated rent growth
394899,512,"Nacogdoches, TX",msa,TX,1151.521164021164,1144.2828477613775,2026-04-30,2025-04-30,0.6325635548891715,482,0.1212,within review band
394439,137,"Canton, OH",msa,OH,1039.6370798319329,1010.5880256947344,2026-04-30,2025-04-30,2.8744704467706854,527,0.121,within review band
394533,785,"Dickinson, ND",msa,ND,1278.0370370370372,1305.5962683602868,2026-04-30,2025-04-30,-2.110854020581842,399,0.1194,within review band
394363,590,"Bartlesville, OK",msa,OK,1158.7777777777776,1155.5075692179423,2026-04-30,2025-04-30,0.2830105701556406,478,0.1192,within review band
394442,321,"Carbondale, IL",msa,IL,883.6353383458646,835.995997460343,2026-04-30,2025-04-30,5.698513034780586,568,0.1178,review elevated rent growth
394944,257,"Oshkosh, WI",msa,WI,1129.746666666667,1121.849201785589,2026-04-30,2025-04-30,0.7039684895713176,490,0.1177,within review band
394843,67,"McAllen, TX",msa,TX,1123.4560462034672,1115.2167539834418,2026-04-30,2025-04-30,0.7388063522714727,496,0.1168,within review band
395036,303,"Rocky Mount, NC",msa,NC,1176.7670825906118,1181.7493855215102,2026-04-30,2025-04-30,-0.4216040212874496,466,0.116,within review band
395042,435,"Russellville, AR",msa,AR,897.4074074074074,854.0163427945738,2026-04-30,2025-04-30,5.0808236843391335,566,0.1145,review elevated rent growth
395151,235,"Terre Haute, IN",msa,IN,950.7876121463078,914.8040625253876,2026-04-30,2025-04-30,3.93347068459499,558,0.1139,within review band
395120,343,"St. Joseph, MO",msa,MO,914.3833333333332,873.6595943099384,2026-04-30,2025-04-30,4.661282184574481,563,0.1138,review elevated rent growth
394501,413,"Corning, NY",msa,NY,1249.8425925925924,1277.470375941881,2026-04-30,2025-04-30,-2.162694640094383,417,0.1135,within review band
394906,614,"New Castle, IN",msa,IN,924.1666666666666,885.1547478818726,2026-04-30,2025-04-30,4.407355762158814,562,0.1133,review elevated rent growth
394325,336,"Ames, IA",msa,IA,1021.4775533108868,997.5854000910792,2026-04-30,2025-04-30,2.39499828462067,535,0.1129,within review band
394718,892,"Jamestown, ND",msa,ND,1015.611111111111,991.5373801844972,2026-04-30,2025-04-30,2.427919653632654,542,0.1121,within review band
395021,499,"Richmond, IN",msa,IN,861.6666666666666,816.8564740793498,2026-04-30,2025-04-30,5.485687389307993,573,0.1115,review elevated rent growth
394617,735,"Fremont, NE",msa,NE,1193.7095238095235,1208.7632636537444,2026-04-30,2025-04-30,-1.245383632748547,454,0.1114,within review band
394516,472,"Danville, IL",msa,IL,871.686507936508,828.2430886922848,2026-04-30,2025-04-30,5.245249835143941,569,0.1112,review elevated rent growth
845169,874,"Rockport, TX",msa,TX,1296.9444444444443,1343.3971742049034,2026-04-30,2025-04-30,-3.457855253265094,388,0.1103,within review band
394343,521,"Athens, OH",msa,OH,870.5500000000001,827.882023105605,2026-04-30,2025-04-30,5.153871651221055,570,0.1101,review elevated rent growth
394755,438,"Kokomo, IN",msa,IN,1006.6394230769232,983.1896598063018,2026-04-30,2025-04-30,2.385070167971579,545,0.1099,within review band
394441,405,"Cape Girardeau, MO",msa,MO,947.563492063492,917.0177764682256,2026-04-30,2025-04-30,3.330984020060032,559,0.1076,within review band
394314,286,"Alexandria, LA",msa,LA,1105.225925925926,1108.1712282775447,2026-04-30,2025-04-30,-0.2657804386598849,507,0.1037,within review band
395221,309,"Wheeling, WV",msa,OH,941.5383597883598,915.2297923499208,2026-04-30,2025-04-30,2.874531364510087,560,0.102,within review band
394990,664,"Ponca City, OK",msa,OK,836.2777777777778,796.7627682721607,2026-04-30,2025-04-30,4.959444778187667,578,0.1016,review elevated rent growth
753928,476,"Wisconsin Rapids, WI",msa,WI,994.8333333333334,984.7727007072084,2026-04-30,2025-04-30,1.0216197726541354,550,0.0947,within review band
394677,676,"Henderson, NC",msa,NC,958.75,945.5358748389089,2026-04-30,2025-04-30,1.3975276362033793,556,0.0913,within review band
786262,786,"Pella, IA",msa,IA,969.6798941798942,959.2986592948756,2026-04-30,2025-04-30,1.0821692269067902,554,0.0904,within review band
395198,882,"Wahpeton, ND",msa,ND,809.0277777777778,776.2560634609855,2026-04-30,2025-04-30,4.221765968651842,579,0.0893,review elevated rent growth
394569,767,"Emporia, KS",msa,KS,807.7777777777778,778.1615615911652,2026-04-30,2025-04-30,3.805921244176356,580,0.0851,within review band
395077,461,"Searcy, AR",msa,AR,937.9761904761904,928.815284463315,2026-04-30,2025-04-30,0.9863000928293998,561,0.0834,within review band
845163,508,"Jasper, AL",msa,AL,1109.0,1146.5552174298005,2026-04-30,2025-04-30,-3.2754826683347087,504,0.0758,within review band
394701,527,"Hutchinson, KS",msa,KS,794.1481481481482,772.857284842174,2026-04-30,2025-04-30,2.754824690605333,582,0.0725,within review band
394643,857,"Great Bend, KS",msa,KS,797.2222222222222,779.0073124363233,2026-04-30,2025-04-30,2.3382206424907905,581,0.0691,within review band
395032,678,"Rock Springs, WY",msa,WY,1013.7166666666668,1052.9170802912645,2026-04-30,2025-04-30,-3.723029510904488,543,0.0531,within review band
394751,821,"Kirksville, MO",msa,MO,778.5449735449735,775.9966797363264,2026-04-30,2025-04-30,0.3283897824811452,583,0.0464,within review band
